Group Core Meaning,Word,Sense,Meaning,Source,,,,
ABNORMAL,aberration,,a state or condition markedly different from the norm,XLSX,,,,
ABNORMAL ,anomaly,,deviation from the normal or common order or form or rule,XLSX,,,,
ABNORMAL ,quirk,,a strange attitude or habit,GREG_MAT,,,,
ABUNDANT,Abound,+,present in great quantity,XLSX,,,,
ABUNDANT,abound,,"(verb, +ve) exist plentifully (verb) + abundant",BOTH,,,,
ABUNDANT,affluence,,abundant wealth,XLSX,,,,
ABUNDANT,bountiful,+,given or giving freely,XLSX,,,,
ABUNDANT,copious,+,"(adj, +ve) plentifully + abundant",BOTH,,,,
ABUNDANT,plentiful,+,existing in great number or quantity,XLSX,,,,
ABUNDANT,plentitude,+,a full supply,XLSX,,,,
ABUNDANT,plethora,-,extreme excess,XLSX,,,,
ABUNDANT,profuse,,"(adj, N) lavishly, pouring out + abundant",PDF,,,,
ABUNDANT,replete,+,fill to satisfaction,XLSX,,,,
ABUNDANT,surfeit,-,"(noun, -ve) excessively over- (too much; noun) + abundant",BOTH,,,,
ABUNDANT,teem,+,"be teeming, be abuzz",XLSX,,,,
MISFORTUNE,deplorable,,bad; unfortunate,XLSX,,,,
MISFORTUNE,hapless,,"(adj, -ve) unluckily unfortunate",PDF,,,,
MISFORTUNE,hitch,-,"a period of time spent in military service, Obstacle",XLSX,,,,
ADVERSITY / MISFORTUNE,snag,-,Obstacle,XLSX,,,,
AGITATED / STORMY,flustered,-,"(adj, -ve) confusedly + agitated / stormy",PDF,,,,
AGITATED / STORMY,frenetic,-,"(adj, -ve) frantically + agitated / stormy",PDF,,,,
AGITATED / STORMY,hysteria,,state of violent mental agitation,XLSX,,,,
AGITATED / STORMY,overwrought,,deeply agitated especially from emotion,XLSX,,,,
AGITATED / STORMY,roil,-,be agitated,XLSX,,,,
AGITATED / STORMY,tempestuous,-,"(adj, -ve) stormily, emotionally + agitated / stormy",BOTH,,,,
AGITATED / STORMY,turbulence,-,unstable flow of a liquid or gas,XLSX,,,,
ALARMIST / DOOMSAYER,naysayer,-,someone with an aggressively negative attitude,XLSX,,,,
ALARMIST / DOOMSAYER,scaremonger,-,a person who spreads frightening rumors and stirs up trouble,XLSX,,,,
TRUTH SAYER,soothsayer,+,"Sooth means truth ,someone who makes predictions of the future",XLSX,,,,
ALIENATED / SEPARATED,estrange,,remove from customary environment or associations,XLSX,,,,
AMEND / CORRECT,emendation,,a correction by emending; a correction resulting from critical editing,XLSX,,,,
AMEND / CORRECT,enrich,,make better or improve in quality,XLSX,,,,
AMEND / CORRECT,recast,,"cast again, in a different role",XLSX,,,,
AMEND / CORRECT,revisionist,,a Communist who tries to rewrite Marxism to justify a retreat from the revolutionary position,XLSX,,,,
ANCESTRY / LINEAGE,genealogy,,successive generations of kin,XLSX,,,,
ANCESTRY / LINEAGE,kinfolk,,people descended from a common ancestor,XLSX,,,,
ANCESTRY / LINEAGE,pedigree,,the descendants of one individual,XLSX,,,,
ANCESTRY / LINEAGE,provenance,,where something originated or was nurtured in its early existence,XLSX,,,,
STORY,anecdote,,short account of an incident (especially a biographical one),XLSX,,,,
STORY,exposition,,a systematic interpretation or explanation (usually written) of a specific topic,XLSX,,,,
STORY,legend,,a story about mythical or supernatural beings or events,XLSX,,,,
ANGER,indignant,,"(adj, N) righteously angry (at unfairness) + anger",BOTH,,,,
ANGER,ire,,"(noun, -ve) wrathful + anger",PDF,,,,
ANNOYING / IRRITATING,irk,,irritate or vex,GREG_MAT,,,,
ANNOYING / IRRITATING,nettle,,any of numerous plants having stinging hairs that cause skin irritation on contact (especially of the genus Urtica or family Urticaceae),GREG_MAT,,,,
ANNOYING / IRRITATING,off-putting,,"The restaurant had great reviews, but the strong smell of bleach at the entrance was highly off putting",XLSX,,,,
ANNOYING / IRRITATING,vexation,,She stomped her foot in vexation when she realized she had locked her keys inside the car.,PDF,,,,
GREED,avarice,,reprehensible acquisitiveness; insatiable desire for wealth (personified as one of the deadly sins),GREG_MAT,,,,
Enthusiasm ,avidity,,a positive feeling of wanting to push ahead with something,XLSX,,,,
APPETITE / GREED,rapacity,,extreme gluttony,GREG_MAT,,,,
APT / RELEVANT,apposite,,"(adj, +ve) strikingly + apt / relevant",PDF,,,,
APT / RELEVANT,apropos,,"(adj/adv, +ve) fittingly + apt / relevant",BOTH,,,,
APT / RELEVANT,felicitous,,"(adj, +ve) happily well-chosen + apt / relevant",BOTH,,,,
APT / RELEVANT,germane,,"(adj, +ve) directly + apt / relevant",BOTH,,,,
APT / RELEVANT,pertinent,,"(adj, +ve) applicably + apt / relevant",BOTH,,,,
ARCHETYPE / STANDARD,benchmark,,"(noun, N) a standard reference point",PDF,,,,
ARCHETYPE / STANDARD,canonical,,appearing in a biblical canon,XLSX,,,,
ARCHETYPE / STANDARD,hallmark,,a distinctive characteristic or attribute,XLSX,,,,
ARCHETYPE / STANDARD,mainstay,,a prominent supporter,XLSX,,,,
ARROGANT,arrogance,,overbearing pride evidenced by a superior manner toward inferiors,XLSX,,,,
ARROGANT,condescend,,behave in a patronizing and condescending manner,XLSX,,,,
ARROGANT,haughty,,"(adj, -ve) proudly looking down + arrogant",PDF,,,,
ARROGANT,hubris,,overbearing pride or presumption,XLSX,,,,
ARROGANT,pomposity,,"(noun, -ve) inflated self-importance (noun) + arrogant",PDF,,,,
ARROGANT,pompous,,puffed up with vanity; ; ; ; - Newsweek,XLSX,,,,
ARROGANT,presumptuous,,"(adj, -ve) overstepping, overconfidently + arrogant",PDF,,,,
ATTENTION,arresting,,"(adj, +ve) strikingly attention-catching",PDF,,,,
ATTENTION,heed,,"(verb/noun, +ve) pay careful attention to",PDF,,,,
ATTENTION,preoccupy,,engage or engross the interest or attention of beforehand or occupy urgently or obsessively,XLSX,,,,
ATTENTION,reference,,a remark that calls attention to something or someone,XLSX,,,,
ATTENTION,vigilance,,the process of paying close and continuous attention,GREG_MAT,,,,
ATTRIBUTE / ASCRIBE,ascribe,,"(verb, N) attribute, credit to a cause",BOTH,,,,
ATTRIBUTE / ASCRIBE,impute,,attribute or credit to,XLSX,,,,
ATTRIBUTE / ASCRIBE,signify,,denote or connote,XLSX,,,,
AUTHENTIC / GENUINE,earnestness,,an earnest and sincere feeling,XLSX,,,,
AUTHENTIC / GENUINE,factuality,,the quality of being actual or based on fact,XLSX,,,,
AUTHENTIC / GENUINE,validity,,the quality of being valid and rigorous,XLSX,,,,
AUTHENTIC / GENUINE,verifiability,,authentic; genuine,XLSX,,,,
AUTHENTIC / GENUINE,verisimilitude,,"(noun, +ve) the convincing appearance of truth",BOTH,,,,
AUTHENTIC / GENUINE,veritable,,"(adj, +ve) truly, actually + genuine",PDF,,,,
AUTHORITY / RULE,canon,,a rule or especially body of rules or principles generally established as valid and fundamental in a field or art or philosophy,GREG_MAT,,,,
AUTHORITY / RULE,mandate,,a document giving an official instruction or command,XLSX,,,,
AUTHORITY / RULE,obligatory,,morally or legally constraining or binding,XLSX,,,,
AUTONOMY / INDEPENDENCE,anonymity,,the state of being anonymous,XLSX,,,,
AUTONOMY / INDEPENDENCE,autonomy,,immunity from arbitrary exercise of authority: political independence,XLSX,,,,
AUTONOMY / INDEPENDENCE,isolationism,,a policy of nonparticipation in international economic and political relations,XLSX,,,,
AUTONOMY / INDEPENDENCE,sovereignty,,government free from external control,XLSX,,,,
AVOID,circumspection,,knowing how to avoid embarrassment or distress,GREG_MAT,,,,
AVOID,circumvent,,surround so as to force to give up,XLSX,,,,
AVOID,elude,,"escape, either physically or mentally",XLSX,,,,
AVOID,eschew,,"(verb, N) deliberately abstain from (principled) + avoid",BOTH,,,,
AVOID,evade,,"(verb, -ve) slipperily dodge + avoid",BOTH,,,,
AVOID,forbear,,"(verb, +ve) patiently refrain, hold back",BOTH,,,,
AVOID,shirk,,"(verb, -ve) dodging one's duty + avoid",PDF,,,,
AVOID,shun,,avoid and stay away from deliberately; stay clear of,XLSX,,,,
AVOID,sidestep,,a step to one side (as in boxing or dancing),XLSX,,,,
AVOID,skirt,,"(verb/noun, N) go around the edges of + avoid",BOTH,,,,
AWE / WONDER,admiration,,a feeling of delighted approval and liking,XLSX,,,,
AWE / WONDER,wondrous,,extraordinarily good or great ; used especially as intensifiers,XLSX,,,,
BARREN / UNPRODUCTIVE,fallow,,"(adj, N) deliberately resting, uncultivated + barren / unproductive",PDF,,,,
BARREN / UNPRODUCTIVE,fruitless,,unproductive of success,XLSX,,,,
BEG / PLEAD,entreat,,"(verb, N) earnestly + beg / plead",BOTH,,,,
BEG / PLEAD,importunate,,expressing earnest entreaty,XLSX,,,,
BEG / PLEAD,supplicate,,"(verb, N) humbly, prayerfully + beg / plead",PDF,,,,
BELIEF,conviction,,"(noun, N) firm belief | a guilty verdict",BOTH,,,,
BELIEF,delusion,,"(noun, -ve) a persistent false belief",PDF,,,,
BELIEF,doctrine,,a belief (or system of beliefs) accepted as authoritative by some group or school,GREG_MAT,,,,
BELIEF,dogma,,a religious doctrine that is proclaimed as true without proof,GREG_MAT,,,,
BELIEF,generality,,an idea or conclusion having general application,XLSX,,,,
BELIEVABLE,believability,,the quality of being believable or trustworthy,XLSX,,,,
BELIEVABLE,conceivable,,capable of being imagined,XLSX,,,,
BELIEVABLE,credibility,,the quality of being believable or trustworthy,XLSX,,,,
BELIEVABLE,plausible,,"(adj, N) seemingly (not necessarily true) + believable",BOTH,,,,
BELITTLE / DISPARAGE,debase,,"(verb, -ve) degrade, cheapen + belittle / disparage",PDF,,,,
BELITTLE / DISPARAGE,denigrate,,"(verb, -ve) blacken someone's name + belittle / disparage",BOTH,,,,
BELITTLE / DISPARAGE,deprecate,,"(verb, -ve) disapprovingly + belittle / disparage",BOTH,,,,
BELITTLE / DISPARAGE,derogatory,,expressive of low opinion,XLSX,,,,
BELITTLE / DISPARAGE,disparage,,express a negative opinion of,XLSX,,,,
BELITTLE / DISPARAGE,downplay,,represent as less significant or important,XLSX,,,,
BELITTLE / DISPARAGE,marginalize,,"(verb, -ve) push to the sidelines + belittle / disparage",PDF,,,,
BELITTLE / DISPARAGE,minimize,,make small or insignificant,XLSX,,,,
BELITTLE / DISPARAGE,pejorative,,"(adj, -ve) a disparaging term (adj) + belittle / disparage",BOTH,,,,
BELITTLE / DISPARAGE,understate,,represent as less significant or important,GREG_MAT,,,,
BENEFICIAL / HARMLESS,advantageous,,giving an advantage,XLSX,,,,
BENEFICIAL / HARMLESS,benign,,"(adj, +ve) kindly, harmlessly + beneficial / harmless",BOTH,,,,
BENEFICIAL / HARMLESS,healthful,,conducive to good health of body or mind,XLSX,,,,
BENEFICIAL / HARMLESS,innocuous,,"(adj, N) merely harmless, inoffensive + beneficial / harmless",BOTH,,,,
BENEFICIAL / HARMLESS,salubrious,,"(adj, +ve) health-promotingly + beneficial / harmless",BOTH,,,,
BENEFICIAL / HARMLESS,salutary,,"(adj, +ve) wholesomely (even if unpleasant) + beneficial / harmless",BOTH,,,,
BIASED,chauvinistic,,"(adj, -ve) aggressively, blindly biased for one's group",BOTH,,,,
BIASED,discriminatory,,being biased or having a belief or attitude formed beforehand,XLSX,,,,
BIASED,invidious,,"(adj, -ve) unfairly resentment-causing + biased",BOTH,,,,
BIASED,partial,,"(adj, -ve) favoring one side + biased | also: incomplete",PDF,,,,
BIASED,partisan,,a fervent and even militant proponent of something,XLSX,,,,
BIASED,prejudice,,a partiality that prevents objective consideration of an issue or situation,XLSX,,,,
BIASED,subjective,,"(adj, N) personally colored + biased",PDF,,,,
BIASED,tendentious,,"(adj, -ve) agenda-pushingly + biased",BOTH,,,,
BITING / SHARP,acerbic,,sour or bitter in taste,XLSX,,,,
BITING / SHARP,astringent,,"(adj, -ve) severely sharp + harsh",BOTH,,,,
BITING / SHARP,caustic,,"(adj, -ve) corrosively sarcastic + biting / sharp",PDF,,,,
BITING / SHARP,mordant,,"(adj, -ve) bitingly sarcastic + biting / sharp",PDF,,,,
BITING / SHARP,trenchant,,"(adj, +ve) incisively sharp (praised in analysis) + biting / sharp",BOTH,,,,
BITING / SHARP,vitriolic,,harsh or corrosive in tone,XLSX,,,,
BLUNDER / MISHAP,contretemps,,"(noun, -ve) an embarrassing + blunder / mishap",PDF,,,,
BLUNDER / MISHAP,gaffe,,"(noun, -ve) a social + blunder / mishap",BOTH,,,,
BLUNDER / MISHAP,lapse,,a mistake resulting from inattention,XLSX,,,,
BOLD,assertiveness,,aggressive self-assurance; given to making bold assertions,XLSX,,,,
BOLD,audacious,,"(adj, N) daringly (admirable or shameless) + bold",BOTH,,,,
BOLD,brave,,a North American Indian warrior,XLSX,,,,
BOLD,brazen,,"(adj, -ve) shamelessly + bold",PDF,,,,
BOLD,courageous,,possessing or displaying courage; able to face and deal with danger or fear without flinching; - Herman Melville; - William Wordsworth,XLSX,,,,
BOLD,fearless,,oblivious of dangers or perils or calmly resolute in facing them,XLSX,,,,
BOLD,foolhardy,,"(adj, -ve) recklessly, stupidly + bold",PDF,,,,
BOLD,heroic,,a verse form suited to the treatment of heroic or elevated themes; dactylic hexameter or iambic pentameter,XLSX,,,,
BOLD,intrepid,,"(adj, +ve) fearlessly + bold",BOTH,,,,
BOLD,mettle,,the courage to carry on,GREG_MAT,,,,
BOLD,plucky,,"(adj, +ve) spiritedly, against odds + bold",PDF,,,,
BOLD,temerity,,"(noun, -ve) reckless nerve (noun) + bold",PDF,,,,
BOLD,unflinching,,not shrinking from danger,XLSX,,,,
BOLD,valor,,"(noun, +ve) battle-worthy courage (noun) + bold",PDF,,,,
BORING / BORED,boredom,,the feeling of being bored by something tedious,XLSX,,,,
BORING / BORED,ennui,,"(noun, -ve) world-weary listlessness (noun) + boring / bored",PDF,,,,
BORING / BORED,monotonous,,"(adj, -ve) repetitively + boring / bored",BOTH,,,,
BORING / BORED,tedious,,"(adj, -ve) tiresomely + boring / bored",BOTH,,,,
BORING / BORED,tedium,,the feeling of being bored by something tedious,XLSX,,,,
BORING / BORED,tiresome,,so lacking in interest as to cause mental weariness; ; ; ; ; ; - Edmund Burke; ; - Mark Twain,XLSX,,,,
BORING / BORED,wearisome,,so lacking in interest as to cause mental weariness; ; ; ; ; ; - Edmund Burke; ; - Mark Twain,XLSX,,,,
BOSSY / COMMANDING,autocratic,,offensively self-assured or given to exercising usually unwarranted power,XLSX,,,,
BOSSY / COMMANDING,despot,,a cruel and oppressive dictator,GREG_MAT,,,,
BOSSY / COMMANDING,imperious,,"(adj, -ve) bossily, commandingly + arrogant",BOTH,,,,
BULKY / HEAVY,cumbersome,,"(adj, -ve) unwieldily + bulky / heavy",BOTH,,,,
BULKY / HEAVY,ponderous,,"(adj, -ve) clumsily + bulky / heavy | also: dull, labored",BOTH,,,,
BULKY / HEAVY,ponderousness,,an oppressive quality that is laborious and solemn and lacks grace or fluency,XLSX,,,,
BULKY / HEAVY,unwieldy,,difficult to use or handle or manage because of size or weight or shape,XLSX,,,,
CALM,aplomb,,"(noun, +ve) poise under pressure (noun) + calm",PDF,,,,
CALM,equable,,not varying,XLSX,,,,
CALM,imperturbable,,"(adj, +ve) unshakably + calm",BOTH,,,,
CALM,placid,,"(adj, +ve) peacefully + calm",BOTH,,,,
CALM,poise,,"(noun/verb, +ve) balanced composure (noun) + calm",PDF,,,,
CALM,serene,,"(adj, +ve) gracefully + calm",PDF,,,,
CALM,staid,,"(adj, N) dully sedate (respectable but boring) + calm",PDF,,,,
CALM,temperate,,(of weather or climate) free from extremes; mild; or characteristic of such weather or climate,XLSX,,,,
CALM,tranquil,,"(adj, +ve) restfully + calm",BOTH,,,,
CALM,unperturbed,,free from emotional agitation or nervous tension; ; - Anthony Trollope,XLSX,,,,
CALM,unruffled,,free from emotional agitation or nervous tension; ; - Anthony Trollope,XLSX,,,,
CANCEL / INVALIDATE,abrogate,,"(verb, N) formally repeal + cancel / invalidate",PDF,,,,
CANCEL / INVALIDATE,countermand,,a contrary command cancelling or reversing a previous command,XLSX,,,,
CANCEL / INVALIDATE,invalidate,,declare invalid,XLSX,,,,
CANCEL / INVALIDATE,negate,,be in contradiction with,XLSX,,,,
CANCEL / INVALIDATE,neutralize,,"(verb, N) counteract + cancel / invalidate",PDF,,,,
CANCEL / INVALIDATE,nullify,,"(verb, N) render void + cancel / invalidate",BOTH,,,,
CAPTIVATE / CHARM,allure,,the power to entice or attract through personal charm,XLSX,,,,
CAPTIVATE / CHARM,beguile,,"(verb, N) charmingly + deceive",BOTH,,,,
CAPTIVATE / CHARM,captivate,,attract; cause to be enamored,XLSX,,,,
CAPTIVATE / CHARM,enamor,,attract; cause to be enamored,XLSX,,,,
CAPTIVATE / CHARM,enchant,,"(verb, +ve) magically + captivate / charm",BOTH,,,,
CAPTIVATE / CHARM,enthrall,,"(verb, +ve) spellbindingly + captivate / charm",PDF,,,,
CAPTIVATE / CHARM,fascinate,,cause to be interested or curious,XLSX,,,,
CAPTIVATE / CHARM,mesmerize,,"attract strongly, as if with a magnet",XLSX,,,,
CAPTIVATE / CHARM,rivet,,ornament consisting of a circular rounded protuberance (as on a vault or shield or belt),XLSX,,,,
CARELESS,careless,,marked by lack of attention or consideration or forethought or thoroughness; not careful,XLSX,,,,
CARELESS,cavalier,,"(adj, -ve) dismissively, carelessly + indifferent",BOTH,,,,
CARELESS,cursory,,"(adj, -ve) hastily superficial + careless",BOTH,,,,
CARELESS,lax,,"(adj, -ve) slackly + careless",PDF,,,,
CARELESS,negligent,,"(adj, -ve) neglectfully + careless",PDF,,,,
CARELESS,perfunctory,,"(adj, -ve) going through the motions + careless",BOTH,,,,
CARELESS,shoddy,,reclaimed wool fiber,XLSX,,,,
CARELESS,slapdash,,marked by great carelessness,XLSX,,,,
CARELESS,slovenly,,"(adj, -ve) messily untidy + careless",PDF,,,,
CATALYST / PROVOKE,catalyst,,(chemistry) a substance that initiates or accelerates a chemical reaction without itself being affected,XLSX,,,,
CATALYST / PROVOKE,entice,,provoke someone to do something through (often false or exaggerated) promises or persuasion,XLSX,,,,
CATALYST / PROVOKE,tempt,,dispose or incline or entice to,XLSX,,,,
CATALYST / PROVOKE,temptation,,something that seduces or has the quality to seduce,XLSX,,,,
CAUSE / BRING ABOUT,cause,,events that provide the generative force that is the origin of something,XLSX,,,,
CAUSE / BRING ABOUT,engender,,"(verb, N) give rise to + cause / bring about",BOTH,,,,
CAUSE / BRING ABOUT,generate,,bring into existence,XLSX,,,,
CAUSE / BRING ABOUT,induce,,"(verb, N) persuasively + cause / bring about",BOTH,,,,
CAUSE / BRING ABOUT,precipitate,,"(verb/adj, -ve) hastily + reckless / rash | also: trigger, hasten (verb)",BOTH,,,,
CAUSE / BRING ABOUT,trigger,,lever that activates the firing mechanism of a gun,XLSX,,,,
CAUTIOUS,caution,,the trait of being cautious; being attentive to possible danger,XLSX,,,,
CAUTIOUS,cautious,,people who are fearful and cautious,XLSX,,,,
CAUTIOUS,cautiousness,,the trait of being cautious; being attentive to possible danger,XLSX,,,,
CAUTIOUS,chary,,"(adj, N) warily reluctant + cautious",PDF,,,,
CAUTIOUS,circumspect,,"(adj, +ve) looking all around, carefully + cautious",BOTH,,,,
CAUTIOUS,discreet,,"(adj, +ve) tactfully + cautious",PDF,,,,
CAUTIOUS,pre-cautious,,(GRE vocabulary term),XLSX,,,,
CAUTIOUS,prudent,,"(adj, +ve) wisely + cautious",BOTH,,,,
CAUTIOUS,vigilant,,"(adj, +ve) watchfully alert + cautious",PDF,,,,
CAUTIOUS,wariness,,the trait of being cautious and watchful,XLSX,,,,
CAUTIOUS,wary,,"(adj, N) on guard + cautious",BOTH,,,,
CENTRALIZE / SYSTEMATIZE,centralize,,make central,XLSX,,,,
CENTRALIZE / SYSTEMATIZE,codify,,"organize into a code or system, such as a body of law",XLSX,,,,
CENTRALIZE / SYSTEMATIZE,govern,,bring into conformity with rules or principles or usage; impose regulations,XLSX,,,,
CENTRALIZE / SYSTEMATIZE,regulate,,"fix or adjust the time, amount, degree, or rate of",XLSX,,,,
CENTRALIZE / SYSTEMATIZE,standardization,,the condition in which a standard has been successfully established,XLSX,,,,
CENTRALIZE / SYSTEMATIZE,stratification,,the act or process or arranging persons into classes or social strata,XLSX,,,,
CENTRALIZE / SYSTEMATIZE,stratify,,divide society into social classes or castes,XLSX,,,,
CENTRALIZE / SYSTEMATIZE,structure,,a thing constructed; a complex entity constructed of many parts,XLSX,,,,
CENTRALIZE / SYSTEMATIZE,systemic,,affecting an entire system,XLSX,,,,
CHANGEABLE / FICKLE,caprice,,a sudden desire,GREG_MAT,,,,
CHANGEABLE / FICKLE,capricious,,"(adj, -ve) impulsively, on a whim + changeable / fickle",BOTH,,,,
CHANGEABLE / FICKLE,desultory,,"(adj, -ve) aimlessly, randomly + changeable / fickle",PDF,,,,
CHANGEABLE / FICKLE,erratic,,"(adj, -ve) unpredictably inconsistent + changeable / fickle",BOTH,,,,
CHANGEABLE / FICKLE,fickle,,"(adj, -ve) unreliably + changeable / fickle",BOTH,,,,
CHANGEABLE / FICKLE,flighty,,guided by whim and fancy,XLSX,,,,
CHANGEABLE / FICKLE,fluctuation,,a wave motion,XLSX,,,,
CHANGEABLE / FICKLE,inconstancy,,unfaithfulness by virtue of being unreliable or treacherous,XLSX,,,,
CHANGEABLE / FICKLE,inconstant,,likely to change frequently often without apparent or cogent reason; variable; ; ; - Shakespeare,XLSX,,,,
CHANGEABLE / FICKLE,mercurial,,"(adj, N) quicksilver-moody + changeable / fickle",BOTH,,,,
CHANGEABLE / FICKLE,mutability,,the quality of being capable of mutation,XLSX,,,,
CHANGEABLE / FICKLE,mutable,,capable of or tending to change in form or quality or nature,XLSX,,,,
CHANGEABLE / FICKLE,volatile,,"(adj, -ve) explosively unstable + agitated / stormy",BOTH,,,,
CHANGEABLE / FICKLE,whim,,a sudden desire,XLSX,,,,
CHANGEABLE / FICKLE,whimsical,,"(adj, N) playfully fanciful + changeable / fickle",BOTH,,,,
CHANGEABLE / FICKLE,whimsy,,an odd or fanciful or capricious idea,GREG_MAT,,,,
CHEERFUL,blithe,,"(adj, N) carefreely (can imply careless) + cheerful",BOTH,,,,
CHEERFUL,buoyancy,,cheerfulness that bubbles to the surface,XLSX,,,,
CHEERFUL,buoyant,,"(adj, +ve) bouncily + cheerful | also: floating",PDF,,,,
CHEERFUL,ebullience,,overflowing with eager enjoyment or approval,XLSX,,,,
CHEERFUL,ebullient,,"(adj, +ve) bubbling over, exuberantly + cheerful",BOTH,,,,
CHEERFUL,elate,,fill with high spirits; fill with optimism,XLSX,,,,
CHEERFUL,elated,,"(adj, +ve) overjoyed, thrilled + cheerful",PDF,,,,
CHEERFUL,euphoria,,a feeling of great (usually exaggerated) elation,GREG_MAT,,,,
CHEERFUL,euphoric,,"(adj, +ve) intensely, ecstatically + cheerful",PDF,,,,
CHEERFUL,jocund,,"(adj, +ve) merrily + cheerful",PDF,,,,
CHEERFUL,jovial,,full of or showing high-spirited merriment; ; - Wordsworth,XLSX,,,,
CHEERFUL,jubilant,,joyful and proud especially because of triumph or success,XLSX,,,,
CHEERFUL,jubilation,,a feeling of extreme joy,XLSX,,,,
CHEERFUL,mirthful,,full of or showing high-spirited merriment; ; - Wordsworth,XLSX,,,,
CHEERFUL,sanguine,,"(adj, +ve) optimistically + cheerful",BOTH,,,,
CHEERFUL,sanguinity,,feeling sanguine; optimistically cheerful and confident,XLSX,,,,
CHEERFUL,vivacious,,"(adj, +ve) lively, spiritedly + cheerful",PDF,,,,
CLARIFY / EXPLAIN,clarify,,make clear and (more) comprehensible,XLSX,,,,
CLARIFY / EXPLAIN,delineate,,"(verb, N) precisely outline + clarify / explain",BOTH,,,,
CLARIFY / EXPLAIN,elucidate,,"(verb, +ve) shed light on + clarify / explain",BOTH,,,,
CLARIFY / EXPLAIN,explain,,make plain and comprehensible,XLSX,,,,
CLARIFY / EXPLAIN,explicate,,make plain and comprehensible,XLSX,,,,
CLARIFY / EXPLAIN,illuminate,,make lighter or brighter,XLSX,,,,
CLEAR,clear,,the state of being free of suspicion,XLSX,,,,
CLEAR,clear-cut,,remove all the trees at one time,XLSX,,,,
CLEAR,intelligible,,"(adj, +ve) understandably + clear",BOTH,,,,
CLEAR,limpid,,"(adj, +ve) transparently + clear",BOTH,,,,
CLEAR,lucid,,"(adj, +ve) logically + clear",BOTH,,,,
CLEAR,lucidity,,free from obscurity and easy to understand; the comprehensibility of clear expression,XLSX,,,,
CLEAR,pellucid,,"(adj, +ve) crystal + clear",BOTH,,,,
CLEAR,perspicuous,,(of language) transparently clear; easily understandable; ; ; - Robert Burton,XLSX,,,,
CLEAR,straightforward,,free from ambiguity,XLSX,,,,
CLEAR,transparent,,transmitting light; able to be seen through with clarity,XLSX,,,,
CLEAR,unambiguous,,having or exhibiting a single clearly defined meaning; - Mario Vargas Llosa,XLSX,,,,
CLEAR OF BLAME,absolve,,grant remission of a sin to,XLSX,,,,
CLEAR OF BLAME,exculpate,,"(verb, +ve) prove innocent + clear of blame",PDF,,,,
CLEAR OF BLAME,exculpation,,a defense of some offensive behavior or some failure to keep a promise etc.,XLSX,,,,
CLEAR OF BLAME,exculpatory,,clearing of guilt or blame,XLSX,,,,
CLEAR OF BLAME,exonerate,,"(verb, +ve) officially absolve + clear of blame",BOTH,,,,
CLEAR OF BLAME,vindicate,,show to be right by providing justification or proof,XLSX,,,,
CLEAR OF BLAME,vindication,,the act of vindicating or defending against criticism or censure etc.,XLSX,,,,
CLEVER / INVENTIVE,clever,,showing self-interest and shrewdness in dealing with others,XLSX,,,,
CLEVER / INVENTIVE,creative,,having the ability or power to create,XLSX,,,,
CLEVER / INVENTIVE,creativity,,the ability to create,XLSX,,,,
CLEVER / INVENTIVE,ingenious,,"(adj, +ve) brilliantly + clever / inventive",BOTH,,,,
CLEVER / INVENTIVE,ingenuity,,the power of creative imagination,XLSX,,,,
CLEVER / INVENTIVE,inventive,,(used of persons or artifacts) marked by independence and creativity in thought or action; ; - Lewis Mumford,XLSX,,,,
CLEVER / INVENTIVE,inventiveness,,the power of creative imagination,XLSX,,,,
CLEVER / INVENTIVE,resourcefulness,,the quality of being able to cope with a difficult situation,XLSX,,,,
CLUMSY / INEPT,awkward,,causing inconvenience,XLSX,,,,
CLUMSY / INEPT,bumble,,"make a mess of, destroy or ruin",XLSX,,,,
CLUMSY / INEPT,clumsy,,lacking grace in movement or posture,XLSX,,,,
CLUMSY / INEPT,gauche,,"(adj, -ve) socially tactlessly + clumsy / inept",PDF,,,,
CLUMSY / INEPT,gawky,,"(adj, -ve) awkwardly + clumsy / inept",PDF,,,,
CLUMSY / INEPT,inept,,"(adj, -ve) incompetently + clumsy / inept",PDF,,,,
CLUMSY / INEPT,maladroit,,not adroit,XLSX,,,,
CLUMSY / INEPT,ungainly,,lacking grace in movement or posture,XLSX,,,,
COAX / PERSUADE,cajole,,"(verb, N) flatteringly + coax / persuade",BOTH,,,,
COAX / PERSUADE,coax,,a transmission line for high-frequency signals,XLSX,,,,
COAX / PERSUADE,inveigle,,"(verb, -ve) deceptively entice + coax / persuade",PDF,,,,
COAX / PERSUADE,persuade,,win approval or support for,XLSX,,,,
COAX / PERSUADE,wheedle,,"(verb, -ve) manipulatively sweet-talk + coax / persuade",PDF,,,,
COMPASSIONATE,commiserate,,"(verb, +ve) sympathize together (verb) + compassionate",BOTH,,,,
COMPASSIONATE,compassion,,a deep awareness of and sympathy for another's suffering,XLSX,,,,
COMPASSIONATE,compassionate,,share the suffering of,XLSX,,,,
COMPASSIONATE,empathetic,,"(adj, +ve) feelingly, understandingly + compassionate",PDF,,,,
COMPASSIONATE,forbearance,,good-natured tolerance of delay or incompetence,XLSX,,,,
COMPASSIONATE,leniency,,mercifulness as a consequence of being lenient or tolerant,XLSX,,,,
COMPASSIONATE,merciful,,showing or giving mercy,XLSX,,,,
COMPASSIONATE,mercy,,leniency and compassion shown toward offenders by a person or agency charged with administering justice,XLSX,,,,
COMPASSIONATE,solicitous,,full of anxiety and concern,XLSX,,,,
COMPASSIONATE,succor,,assistance in time of difficulty,XLSX,,,,
COMPASSIONATE,sympathetic,,of or relating to the sympathetic nervous system,XLSX,,,,
COMPASSIONATE,sympathy,,an inclination to support or be loyal to or to agree with an opinion,XLSX,,,,
COMPETENT / CAPABLE,competent,,"(adj, +ve) capably + skilled",BOTH,,,,
COMPETENT / CAPABLE,confident,,having or marked by confidence or assurance,XLSX,,,,
COMPLAIN,caterwaul,,the yowling sound made by a cat in heat,XLSX,,,,
COMPLAIN,complain,,"express complaints, discontent, displeasure, or unhappiness",XLSX,,,,
COMPLAIN,grievance,,"(noun, N) a formal complaint / grudge (noun) + complain",PDF,,,,
COMPLAIN,grouchiness,,complain,XLSX,,,,
COMPLAIN,grumble,,"(verb/noun, -ve) muttering (verb) + complain",BOTH,,,,
COMPLAIN,querulous,,"(adj, -ve) whiningly complaining + irritable",BOTH,,,,
COMPLEX,byzantine,,"(adj, -ve) excessively, maze-like + complex",PDF,,,,
COMPLEX,complex,,a conceptual whole made up of complicated and related parts,XLSX,,,,
COMPLEX,complexity,,the quality of being intricate and compounded,XLSX,,,,
COMPLEX,convoluted,,"(adj, -ve) confusingly twisted + complex",PDF,,,,
COMPLEX,intricacy,,marked by elaborately complex detail,XLSX,,,,
COMPLEX,intricate,,having many complexly arranged elements; elaborate,XLSX,,,,
COMPLEX,knotty,,making great mental demands; hard to comprehend or solve or believe,XLSX,,,,
COMPLEX,multifaceted,,"(adj, +ve) many-sidedly + diverse",BOTH,,,,
COMPOSURE,equanimity,,"(noun, +ve) composed steadiness (noun) + calm",BOTH,,,,
COMPOSURE,self-assurance,,freedom from doubt; belief in yourself and your abilities,XLSX,,,,
COMPREHENSIBLE / CLEAR,calculable,,capable of being calculated or estimated,XLSX,,,,
COMPREHENSIBLE / CLEAR,comprehensible,,capable of being comprehended or understood,XLSX,,,,
COMPREHENSIBLE / CLEAR,explicable,,"(adj, N) explainably + clear",BOTH,,,,
COMPREHENSIBLE / CLEAR,inferable,,comprehensible; clear,XLSX,,,,
COMPREHENSIBLE / CLEAR,intelligibility,,the quality of language that is comprehensible,XLSX,,,,
COMPREHENSIBLE / CLEAR,quantifiable,,capable of being quantified,XLSX,,,,
COMPREHENSIVE / EXHAUSTIVE,extensive,,large in spatial extent or range or scope or quantity,XLSX,,,,
COMPREHENSIVE / EXHAUSTIVE,far-reaching,,comprehensive; exhaustive,XLSX,,,,
COMPREHENSIVE / EXHAUSTIVE,systematic,,characterized by order and planning,XLSX,,,,
COMPREHENSIVE / THOROUGH,all-encompassing,,"(adj, +ve) totally + comprehensive / thorough",PDF,,,,
COMPREHENSIVE / THOROUGH,comprehensive,,an intensive examination testing a student's proficiency in some special field of knowledge,XLSX,,,,
COMPREHENSIVE / THOROUGH,comprehensiveness,,completeness over a broad scope,XLSX,,,,
COMPREHENSIVE / THOROUGH,encyclopedic,,"(adj, +ve) vast-knowledge + comprehensive / thorough",BOTH,,,,
COMPREHENSIVE / THOROUGH,exhaustive,,"(adj, +ve) leaving nothing out + comprehensive / thorough",BOTH,,,,
COMPREHENSIVE / THOROUGH,exhaustiveness,,comprehensive; thorough,XLSX,,,,
COMPREHENSIVE / THOROUGH,synoptic,,"(adj, N) summarizing overview + comprehensive / thorough",PDF,,,,
COMPREHENSIVE / THOROUGH,thorough,,"(adj, +ve) completely + comprehensive / thorough",BOTH,,,,
COMPREHENSIVE / THOROUGH,thoroughness,,conscientiousness in performing all aspects of a task,XLSX,,,,
COMPREHENSIVE / THOROUGH,wide-ranging,,including much,XLSX,,,,
CONCEAL / OBSCURE,cloak,,"(noun/verb, N) cover, disguise + conceal / obscure",PDF,,,,
CONCEAL / OBSCURE,conceal,,prevent from being seen or discovered,XLSX,,,,
CONCEAL / OBSCURE,disguise,,an outward semblance that misrepresents the true nature of something,XLSX,,,,
CONCEAL / OBSCURE,hide,,the dressed skin of an animal (especially a large animal),XLSX,,,,
CONCEAL / OBSCURE,mask,,a covering to disguise or conceal the face,XLSX,,,,
CONCEAL / OBSCURE,obfuscate,,"(verb, -ve) deliberately confuse + conceal / obscure",BOTH,,,,
CONCEAL / OBSCURE,obfuscation,,confusion resulting from failure to understand,XLSX,,,,
CONCEAL / OBSCURE,occlude,,"(verb, N) physically block + obstruct / hinder",BOTH,,,,
CONCEAL / OBSCURE,pretext,,something serving to conceal plans; a fictitious reason that is concocted in order to conceal the real reason,XLSX,,,,
CONCISE,brevity,,"(noun, +ve) shortness itself (noun) + concise",BOTH,,,,
CONCISE,concise,,expressing much in few words,XLSX,,,,
CONCISE,concision,,terseness and economy in writing and speaking achieved by expressing a great deal in just a few words,XLSX,,,,
CONCISE,laconic,,"(adj, +ve) impressively brief + quiet / reserved",BOTH,,,,
CONCISE,pithy,,"(adj, +ve) meaningfully + concise",PDF,,,,
CONCISE,succinctness,,terseness and economy in writing and speaking achieved by expressing a great deal in just a few words,XLSX,,,,
CONFINE,circumscribe,,"(verb, N) draw limits around + restrain",BOTH,,,,
CONFINE,confine,,place limits on (extent or access),XLSX,,,,
CONFINE,immure,,"(verb, -ve) wall in, imprison + confine",PDF,,,,
CONFINE,manacle,,"(noun/verb, -ve) shackle, handcuff + confine",PDF,,,,
CONFINE,quarantine,,"(noun/verb, N) isolate for safety + confine",PDF,,,,
CONFINE,sequester,,"requisition forcibly, as of enemy property",XLSX,,,,
CONFIRM / PROVE,affirm,,establish or strengthen as with new evidence or facts,XLSX,,,,
CONFIRM / PROVE,confirm,,establish or strengthen as with new evidence or facts,XLSX,,,,
CONFIRM / PROVE,corroborate,,"(verb, +ve) with supporting evidence + confirm / prove",BOTH,,,,
CONFIRM / PROVE,corroboration,,confirmation that some fact or statement is true through the use of documentary evidence,XLSX,,,,
CONFIRM / PROVE,prove,,be shown or be found to be,XLSX,,,,
CONFIRM / PROVE,substantiate,,"(verb, +ve) with solid proof + confirm / prove",BOTH,,,,
CONFIRM / PROVE,substantiation,,additional proof that something that was believed (some fact or hypothesis or theory) is correct,XLSX,,,,
CONFIRM / PROVE,validate,,declare or make legally valid,XLSX,,,,
CONFIRM / PROVE,validation,,the act of validating; finding or testing the truth of something,XLSX,,,,
CONFIRM / PROVE,verifiable,,capable of being verified,XLSX,,,,
CONFIRM / PROVE,verify,,confirm the truth of,XLSX,,,,
CONFLICT / DISCORD,acrimonious,,"(adj, -ve) bitterly + hostile / aggressive",BOTH,,,,
CONFLICT / DISCORD,contention,,a point asserted as part of an argument,XLSX,,,,
CONFLICT / DISCORD,discordance,,a harsh mixture of sounds,XLSX,,,,
CONFLICT / DISCORD,dissension,,disagreement among those expected to cooperate,XLSX,,,,
CONFLICT / DISCORD,schism,,"(noun, -ve) a formal split (noun) + conflict / discord",PDF,,,,
CONFLICT / DISCORD,strife,,"(noun, -ve) bitter conflict (noun) + conflict / discord",PDF,,,,
CONFORM / COMPLY,accede,,yield to another's wish or opinion,XLSX,,,,
CONFORM / COMPLY,adhere,,"(verb, N) stick to | faithfully follow (rules)",BOTH,,,,
CONFORM / COMPLY,concede,,admit (to a wrongdoing),XLSX,,,,
CONFORM / COMPLY,conform,,"be similar, be in line with",XLSX,,,,
CONFUSE / DISORIENT,disorient,,cause to be lost or disoriented,XLSX,,,,
CONFUSE / DISORIENT,mystery,,something that baffles understanding and cannot be explained,XLSX,,,,
CONFUSE / DISORIENT,mystification,,confusion resulting from failure to understand,XLSX,,,,
CONFUSE / DISORIENT,riddle,,a difficult problem,XLSX,,,,
CONFUSED,baffle,,a flat plate that controls or directs the flow of fluid or energy,XLSX,,,,
CONFUSED,befuddle,,be confusing or perplexing to; cause to be unable to think clearly,XLSX,,,,
CONFUSED,befuddled,,"(adj, -ve) muddledly + confused",PDF,,,,
CONFUSED,bewilder,,be a mystery or bewildering to,XLSX,,,,
CONFUSED,confound,,"(verb, -ve) baffle utterly (verb) + confused",BOTH,,,,
CONFUSED,confuse,,mistake one thing for another,XLSX,,,,
CONFUSED,disconcert,,cause to feel embarrassment,XLSX,,,,
CONFUSED,flummox,,be a mystery or bewildering to,XLSX,,,,
CONFUSED,flummoxed,,"(adj, -ve) completely bewildered + confused",PDF,,,,
CONFUSED,muddle,,a confused multitude of things,XLSX,,,,
CONFUSED,nonplussed,,"(adj, -ve) stopped-in-tracks perplexed + confused",PDF,,,,
CONFUSED,perplex,,be a mystery or bewildering to,XLSX,,,,
CONNECTED / INTERDEPENDENT,correlation,,a reciprocal relation between two or more things,GREG_MAT,,,,
CONNECTED / INTERDEPENDENT,interdependence,,a reciprocal relation between interdependent entities (objects or individuals or groups),XLSX,,,,
CONNECTED / INTERDEPENDENT,interdependent,,mutually dependent,XLSX,,,,
CONNECTED / INTERDEPENDENT,interrelate,,be in a relationship with,XLSX,,,,
CONNECTED / INTERDEPENDENT,intertwined,,"(adj, N) interconnected, entangled together",PDF,,,,
CONNECTED / INTERDEPENDENT,symbiosis,,the relation between two different species of organisms that are interdependent; each gains benefits from the other,XLSX,,,,
CONNECTED / INTERDEPENDENT,symbiotic,,used of organisms (especially of different species) living together but not necessarily in a relation beneficial to each,XLSX,,,,
CONNECTED / INTERDEPENDENT,synergy,,the working together of two things (muscles or drugs for example) to produce an effect greater than the sum of their individual effects,XLSX,,,,
CONSEQUENCE,consequence,,a phenomenon that follows and is caused by some previous phenomenon,XLSX,,,,
CONSEQUENCE,corollary,,a practical consequence that follows naturally,XLSX,,,,
CONSEQUENCE,outcome,,something that results,XLSX,,,,
CONSEQUENCE,ramification,,"(noun, N) a branching + consequence",BOTH,,,,
CONSEQUENCE,repercussion,,"(noun, -ve) an unwelcome after + consequence",PDF,,,,
CONSEQUENCE,upshot,,a phenomenon that follows and is caused by some previous phenomenon,XLSX,,,,
CONTAMINATE / CORRUPT,adulterate,,"(verb, -ve) by adding impurities + contaminate / corrupt",PDF,,,,
CONTAMINATE / CORRUPT,poison,,any substance that causes injury or illness or death of a living organism,XLSX,,,,
CONTAMINATE / CORRUPT,taint,,the state of being contaminated,XLSX,,,,
CONTAMINATE / CORRUPT,vitiate,,"(verb, -ve) spoil the validity of + contaminate / corrupt",BOTH,,,,
CONTEMPT / SCORN,contempt,,"(noun, -ve) looking-down + contempt / scorn",PDF,,,,
CONTEMPT / SCORN,disdain,,"(noun/verb, -ve) haughty + contempt / scorn",BOTH,,,,
CONTEMPT / SCORN,disdainful,,expressing extreme contempt,XLSX,,,,
CONTEMPT / SCORN,scorn,,"(noun/verb, -ve) open, mocking + contempt / scorn",PDF,,,,
CONTEMPT / SCORN,scornful,,expressing extreme contempt,XLSX,,,,
CONVENTION-DEFYING,heresy,,any opinions or doctrines at variance with the official or orthodox position,XLSX,,,,
CONVENTION-DEFYING,heterodox,,"(adj/noun, N) against orthodoxy + convention-defying",PDF,,,,
CONVENTION-DEFYING,iconoclast,,a destroyer of images used in religious worship,XLSX,,,,
CONVENTION-DEFYING,iconoclastic,,"(adj, N) tradition-attacking (often admired on GRE) + convention-defying",BOTH,,,,
CONVENTION-DEFYING,maverick,,someone who exhibits great independence in thought and action,XLSX,,,,
CONVENTION-DEFYING,radical,,"(adj/noun, N) fundamentally extreme + convention-defying",BOTH,,,,
CONVENTION-DEFYING,revolutionary,,a radical supporter of political or social revolution,XLSX,,,,
CONVENTION-DEFYING,subversion,,destroying someone's (or some group's) honesty or loyalty; undermining moral integrity,XLSX,,,,
CONVENTION-DEFYING,subversive,,a radical supporter of political or social revolution,XLSX,,,,
CONVERGE / MEET,converge,,be adjacent or come together,XLSX,,,,
CONVERGE / MEET,convergent,,tending to come together from different directions,XLSX,,,,
CONVINCING,cogent,,"(adj, +ve) logically + convincing",PDF,,,,
CONVINCING,compelling,,"(adj, +ve) grippingly + convincing",PDF,,,,
CONVINCING,persuasive,,intended or having the power to induce action or belief,XLSX,,,,
CORRUPT / MONEY-DRIVEN,corrupt,,corrupt morally or by intemperance or sensuality,XLSX,,,,
CORRUPT / MONEY-DRIVEN,cronyism,,favoritism shown to friends and associates (as by appointing them to positions without regard for their qualifications),XLSX,,,,
CORRUPT / MONEY-DRIVEN,mercenary,,"(adj/noun, -ve) purely profit-driven + corrupt / money-driven | also: hired soldier (noun)",BOTH,,,,
CORRUPT / MONEY-DRIVEN,nepotism,,favoritism shown to relatives or close friends by those in power (as by giving them jobs),XLSX,,,,
CORRUPT / MONEY-DRIVEN,nepotistic,,corrupt; money-driven,XLSX,,,,
CORRUPT / MONEY-DRIVEN,profitmongers,,corrupt; money-driven,XLSX,,,,
CORRUPT / MONEY-DRIVEN,venal,,"(adj, -ve) bribable + corrupt / money-driven",BOTH,,,,
CORRUPT / MONEY-DRIVEN,venality,,prostitution of talents or offices or services for reward,GREG_MAT,,,,
COUNTER / OPPOSE,adversarial,,counter; oppose,XLSX,,,,
COUNTER / OPPOSE,adversary,,someone who offers opposition,XLSX,,,,
COUNTER / OPPOSE,antagonist,,someone who offers opposition,GREG_MAT,,,,
COUNTER / OPPOSE,counteract,,act in opposition to,XLSX,,,,
COUNTER / OPPOSE,counterproductive,,tending to hinder the achievement of a goal,XLSX,,,,
COUNTER / OPPOSE,oppositional,,counter; oppose,XLSX,,,,
COURTEOUS / REFINED,chivalrous,,"(adj, +ve) gallantly + courteous / refined",BOTH,,,,
COURTEOUS / REFINED,civility,,formal or perfunctory politeness,XLSX,,,,
COURTEOUS / REFINED,comity,,"(noun, +ve) mutual courtesy (noun) + courteous / refined",BOTH,,,,
COURTEOUS / REFINED,courteous,,exhibiting courtesy and politeness,XLSX,,,,
COURTEOUS / REFINED,decorum,,"(noun, +ve) proper behavior (noun) + courteous / refined",PDF,,,,
COURTEOUS / REFINED,genteel,,marked by refinement in taste and manners,XLSX,,,,
COURTEOUS / REFINED,tact,,"(noun, +ve) diplomatic sensitivity (noun) + courteous / refined",PDF,,,,
COURTEOUS / REFINED,tactful,,having or showing a sense of what is fitting and considerate in dealing with others,XLSX,,,,
CRITICIZE,admonish,,"(verb, N) gently, warningly (mildest of the group) + criticize",BOTH,,,,
CRITICIZE,animadversion,,harsh criticism or disapproval,XLSX,,,,
CRITICIZE,berate,,"(verb, -ve) scoldingly, at length + criticize",PDF,,,,
CRITICIZE,castigate,,"(verb, -ve) harshly punishingly + criticize",BOTH,,,,
CRITICIZE,castigation,,a severe scolding,GREG_MAT,,,,
CRITICIZE,censorious,,harshly critical or expressing censure,XLSX,,,,
CRITICIZE,censure,,"(verb/noun, -ve) officially, blamingly + criticize | also: harsh criticism (noun)",BOTH,,,,
CRITICIZE,chastise,,"(verb, -ve) punishingly + criticize",BOTH,,,,
CRITICIZE,condemn,,express strong disapproval of,XLSX,,,,
CRITICIZE,decry,,"(verb, -ve) publicly, condemningly + criticize",BOTH,,,,
CRITICIZE,denounce,,"(verb, -ve) publicly and formally + criticize",BOTH,,,,
CRITICIZE,denunciation,,a public act of denouncing,XLSX,,,,
CRITICIZE,excoriate,,"(verb, -ve) brutally, skin-strippingly + criticize",BOTH,,,,
CRITICIZE,lambast,,beat with a cane,XLSX,,,,
CRITICIZE,lambaste,,"(verb, -ve) attackingly + criticize",PDF,,,,
CRITICIZE,objurgation,,"(noun, -ve) a harsh rebuke (noun) + criticize",PDF,,,,
CRITICIZE,rebuke,,an act or expression of criticism and censure,XLSX,,,,
CRITICIZE,reprehend,,express strong disapproval of,XLSX,,,,
CRITICIZE,reproach,,"(verb/noun, -ve) with disappointed blame + criticize",BOTH,,,,
CRITICIZE,scathing,,"(adj, -ve) witheringly harsh (adj) + criticize",BOTH,,,,
CRITICIZE,scold,,someone (especially a woman) who annoys people by constantly finding fault,XLSX,,,,
CRITICIZE,upbraid,,"(verb, -ve) sharply, scoldingly + criticize",PDF,,,,
CRITICIZE,vituperation,,abusive or venomous language used to express blame or censure or bitter deep-seated ill will,XLSX,,,,
CUNNING,artful,,"(adj, N) cleverly + cunning | also: skillful",PDF,,,,
CUNNING,crafty,,"(adj, -ve) slyly + cunning",PDF,,,,
CUNNING,cunning,,"(adj/noun, -ve) deceptively clever + cunning",BOTH,,,,
CUNNING,devious,,"(adj, -ve) deceitfully sneaky + cunning",BOTH,,,,
CUNNING,deviousness,,the quality of being oblique and rambling indirectly,XLSX,,,,
CUNNING,wily,,"(adj, -ve) trickily + cunning",PDF,,,,
CUT BACK,abbreviate,,reduce in scope while retaining essential elements,XLSX,,,,
CUT BACK,curtail,,"(verb, N) cutting short + cut back",BOTH,,,,
CUT BACK,curtailment,,the temporal property of being cut short,XLSX,,,,
CUT BACK,retrench,,"(verb, N) (esp. spending) + cut back",PDF,,,,
CUT BACK,retrenchment,,entrenchment consisting of an additional interior fortification to prolong the defense,XLSX,,,,
CUT BACK,truncate,,replace a corner by a plane,XLSX,,,,
DANGER,imperil,,pose a threat to; present a danger to,XLSX,,,,
DANGER,jeopardy,,a source of danger; a possibility of incurring loss or misfortune,GREG_MAT,,,,
DANGER,threaten,,pose a threat to; present a danger to,XLSX,,,,
DANGEROUS / RISKY,dangerous,,involving or causing danger or risk; liable to hurt or harm,XLSX,,,,
DANGEROUS / RISKY,fraught,,"(adj, -ve) tension-filled + distressed / upset",BOTH,,,,
DANGEROUS / RISKY,hazardous,,involving risk or danger,XLSX,,,,
DANGEROUS / RISKY,jeopardize,,"(verb, -ve) put at risk (verb) + dangerous / risky",BOTH,,,,
DANGEROUS / RISKY,malignant,,dangerous to health; characterized by progressive and uncontrolled growth (especially of a tumor),GREG_MAT,,,,
DANGEROUS / RISKY,peril,,a source of danger; a possibility of incurring loss or misfortune,XLSX,,,,
DANGEROUS / RISKY,perilous,,"(adj, -ve) gravely + dangerous / risky",BOTH,,,,
DANGEROUS / RISKY,risky,,involving risk or danger,XLSX,,,,
DEBATE / DISCUSSION,argumentation,,a discussion in which reasons are advanced for and against some proposition or proposal,XLSX,,,,
DEBATE / DISCUSSION,controversy,,a contentious speech act; a dispute where there is strong disagreement,XLSX,,,,
DEBATE / DISCUSSION,debate,,a discussion in which reasons are advanced for and against some proposition or proposal,XLSX,,,,
DEBATE / DISCUSSION,deliberation,,(usually plural) discussion of all sides of a question,XLSX,,,,
DEBATE / DISCUSSION,discursions,,debate; discussion,XLSX,,,,
DEBATE / DISCUSSION,parley,,a negotiation between enemies,XLSX,,,,
DECEIVE,delude,,be false to; be dishonest with,XLSX,,,,
DECEIVE,deluded,,be false to; be dishonest with,GREG_MAT,,,,
DECEIVE,dupe,,"(noun/verb, -ve) fool a victim + deceive | also: the gullible victim (noun)",PDF,,,,
DECEIVE,mislead,,lead someone in the wrong direction or give someone wrong directions,XLSX,,,,
DECEIVE,swindle,,"(verb, -ve) cheat out of money + deceive",PDF,,,,
DECREASE / LESSEN,abate,,"(verb, N) die down + decrease / lessen",BOTH,,,,
DECREASE / LESSEN,abatement,,an interruption in the intensity or amount of something,GREG_MAT,,,,
DECREASE / LESSEN,attenuate,,"(verb, N) thin out, weaken + decrease / lessen",PDF,,,,
DECREASE / LESSEN,attenuation,,weakening in force or intensity,XLSX,,,,
DECREASE / LESSEN,dwindling,,"(adj, -ve) shrinking away + decrease / lessen",PDF,,,,
DECREASE / LESSEN,reduce,,cut down on; make a reduction in,XLSX,,,,
DECREASE / LESSEN,reduction,,the act of decreasing or reducing something,XLSX,,,,
DECREASE / LESSEN,subside,,"(verb, N) settle down + decrease / lessen",PDF,,,,
DEEP-ROOTED / FIXED,entrench,,fix firmly or securely,GREG_MAT,,,,
DEEP-ROOTED / FIXED,ingrained,,"(adj, N) habit + deep-rooted / fixed",PDF,,,,
DEEP-ROOTED / FIXED,inveterate,,"(adj, -ve) incurably habitual (an inveterate liar) + deep-rooted / fixed",BOTH,,,,
DELAY,dawdle,,"(verb, -ve) linger wastefully + delay",PDF,,,,
DELAY,defer,,hold back to a later time,XLSX,,,,
DELAY,delay,,time during which some action is awaited,XLSX,,,,
DELAY,dilatory,,"(adj, -ve) habitually delaying + delay",BOTH,,,,
DELAY,linger,,remain present although waning or gradually dying,XLSX,,,,
DELAY,postpone,,hold back to a later time,XLSX,,,,
DELAY,protract,,lengthen in time; cause to be or last longer,XLSX,,,,
DESTROY,annihilate,,kill in large numbers,XLSX,,,,
DESTROY,conflagration,,"(noun, -ve) a large destructive fire",PDF,,,,
DESTROY,destroy,,"do away with, cause the destruction or undoing of",XLSX,,,,
DESTROY,devastate,,cause extensive destruction or ruin utterly,XLSX,,,,
DESTROY,eradicate,,"(verb, N) wipe out completely (can be good: disease) + destroy",BOTH,,,,
DESTROY,eviscerate,,surgically remove a part of a structure or an organ,XLSX,,,,
DESTROY,exterminate,,kill en masse; kill on a large scale; kill many,XLSX,,,,
DESTROY,extirpate,,"destroy completely, as if down to the roots",XLSX,,,,
DESTROY,gut,,the part of the alimentary canal between the stomach and the anus,XLSX,,,,
DESTROY,immolate,,offer as a sacrifice by killing or by giving up to destruction,XLSX,,,,
DESTROY,obliterate,,"mark for deletion, rub off, or erase",XLSX,,,,
DESTROY,ravage,,"(verb/noun, -ve) devastate violently + destroy",PDF,,,,
DETERMINED,indefatigable,,"(adj, +ve) tirelessly + determined",PDF,,,,
DETERMINED,purposeful,,serving as or indicating the existence of a purpose or goal,XLSX,,,,
DETERMINED,purposefulness,,the quality of having a definite purpose,XLSX,,,,
DETERMINED,resolve,,"(verb/noun, +ve) firm determination | settle, solve",BOTH,,,,
DIFFERENT / MISMATCHED,discrepancy,,"(noun, -ve) a troubling inconsistency (noun) + different / mismatched",BOTH,,,,
DIFFERENT / MISMATCHED,disparate,,"(adj, N) fundamentally distinct + different / mismatched",BOTH,,,,
DIFFERENT / MISMATCHED,disparity,,inequality or difference in some respect,XLSX,,,,
DIFFERENT / MISMATCHED,dissimilar,,not similar,XLSX,,,,
DIFFERENT / MISMATCHED,distinct,,(often followed by `from') not alike; different in nature or quality,XLSX,,,,
DIFFERENT / MISMATCHED,divergence,,the act of moving away in different direction from a common point,XLSX,,,,
DIFFERENT / MISMATCHED,divergent,,"(adj, N) moving apart + different / mismatched",BOTH,,,,
DIFFERENT / MISMATCHED,incompatible,,not compatible,XLSX,,,,
DIFFERENT / MISMATCHED,incongruity,,the quality of disagreeing; being unsuitable and inappropriate,XLSX,,,,
DIFFERENT / MISMATCHED,incongruous,,"(adj, -ve) jarringly + different / mismatched",BOTH,,,,
DIFFERENT / MISMATCHED,inconsistent,,displaying a lack of consistency,XLSX,,,,
DIFFERENT / MISMATCHED,polar,,having a pair of equal and opposite charges,GREG_MAT,,,,
DIFFERENT / MISMATCHED,variance,,an event that departs from expectations,XLSX,,,,
DIFFICULT / DEMANDING,arduous,,"(adj, -ve) laboriously + difficult / demanding",BOTH,,,,
DIFFICULT / DEMANDING,arduousness,,extreme effortfulness,XLSX,,,,
DIFFICULT / DEMANDING,burdensome,,not easily borne; wearing,XLSX,,,,
DIFFICULT / DEMANDING,difficult,,not easy; requiring great physical or mental effort to accomplish or comprehend or endure,XLSX,,,,
DIFFICULT / DEMANDING,exigent,,"(adj, -ve) urgently pressing + difficult / demanding",BOTH,,,,
DIFFICULT / DEMANDING,onerous,,"(adj, -ve) burdensomely + difficult / demanding",BOTH,,,,
DIFFICULT / DEMANDING,strenuous,,characterized by or performed with much energy or force,XLSX,,,,
DIGNIFIED / MAJESTIC,august,,"(adj, +ve) awe-inspiringly + dignified / majestic",BOTH,,,,
DIGNIFIED / MAJESTIC,magisterial,,"(adj, N) authoritatively (can be dignified) + bossy / commanding",BOTH,,,,
DIGNIFIED / MAJESTIC,majestic,,majestic in manner or bearing; superior to mundane matters,XLSX,,,,
DIGNIFIED / MAJESTIC,noble,,"(adj, +ve) honorably + dignified / majestic",PDF,,,,
DIGNIFIED / MAJESTIC,regal,,belonging to or befitting a supreme ruler,XLSX,,,,
DIGNIFIED / MAJESTIC,venerable,,impressive by reason of age,XLSX,,,,
DIGRESS / STRAY,deviate,,"(verb, N) stray from the path + digress / stray",BOTH,,,,
DIGRESS / STRAY,digress,,"lose clarity or turn aside especially from the main subject of attention or course of argument in writing, thinking, or speaking",GREG_MAT,,,,
DIGRESS / STRAY,digression,,"(noun, N) a tangent (noun) + digress / stray",PDF,,,,
DIGRESS / STRAY,ramble,,"(verb/noun, -ve) wander aimlessly + digress / stray",BOTH,,,,
DIGRESS / STRAY,tangent,+,Off topic,GREG_MAT,,,,
DILIGENT / PERSISTENT,assiduousness,,great and constant diligence and attention,XLSX,,,,
DILIGENT / PERSISTENT,diligent,,quietly and steadily persevering especially in detail or exactness,XLSX,,,,
DILIGENT / PERSISTENT,industrious,,"(adj, +ve) hardworkingly + diligent / persistent",PDF,,,,
DILIGENT / PERSISTENT,persevere,,"be persistent, refuse to stop",XLSX,,,,
DILIGENT / PERSISTENT,persistence,,the property of a continuous and connected period of time,XLSX,,,,
DILIGENT / PERSISTENT,persistent,,never-ceasing,XLSX,,,,
DILIGENT / PERSISTENT,pertinacity,,persistent determination,XLSX,,,,
DILIGENT / PERSISTENT,sedulous,,"(adj, +ve) painstakingly + diligent / persistent",PDF,,,,
DILIGENT / PERSISTENT,tenacious,,good at remembering,XLSX,,,,
DILIGENT / PERSISTENT,tenacity,,persistent determination,XLSX,,,,
DILIGENT / PERSISTENT,unflagging,,showing sustained enthusiastic action with unflagging vitality,XLSX,,,,
DIMINISH / DECLINE,decline,,change toward something smaller or lower,XLSX,,,,
DIMINISH / DECLINE,diminish,,"decrease in size, extent, or range",XLSX,,,,
DIMINISH / DECLINE,dwindle,,become smaller or lose substance,XLSX,,,,
DIMINISH / DECLINE,ebb,,a gradual decline (in size or strength or power or number),XLSX,,,,
DIMINISH / DECLINE,recede,,pull back or move away or backward,XLSX,,,,
DIMINISH / DECLINE,wane,,"(verb, N) gradually decline + decrease / lessen",BOTH,,,,
DIMINISH / DECREASE,damp,,a slight wetness,XLSX,,,,
DIMINISH / DECREASE,de-emphasize,,reduce the emphasis,XLSX,,,,
DIMINISH / DECREASE,decelerate,,lose velocity; move more slowly,XLSX,,,,
DIMINISH / DECREASE,deflate,,collapse by releasing contained air or gas,XLSX,,,,
DIMINISH / DECREASE,deplete,,use up (resources or materials),XLSX,,,,
DIMINISH / DECREASE,detract,,"(verb, -ve) take away from + diminish / decline",BOTH,,,,
DIMINISH / DECREASE,dilution,,a diluted solution,XLSX,,,,
DIMINISH / DECREASE,dim,,switch (a car's headlights) from a higher to a lower beam,XLSX,,,,
DIMINISH / DECREASE,douse,,"put out, as of a candle or a light",XLSX,,,,
DIMINISH / DECREASE,extinguish,,put an end to; kill,XLSX,,,,
DIMINISH / DECREASE,plummet,,the metal bob of a plumb line,XLSX,,,,
DIMINISH / DECREASE,shrunk,,"wither, as with a loss of moisture",XLSX,,,,
DIMINISH / DECREASE,slump,,a noticeable deterioration in performance or quality,XLSX,,,,
DISAGREE / OBJECT,cavil,,an evasion of the point of an argument by raising irrelevant distinctions or objections,XLSX,,,,
DISAGREE / OBJECT,contend,,"(verb, N) argumentatively + disagree / object | also: compete",PDF,,,,
DISAGREE / OBJECT,demur,,"(verb, N) politely object / hesitate (verb) + hesitant / indecisive",BOTH,,,,
DISAGREE / OBJECT,dispute,,a disagreement or argument about something important,XLSX,,,,
DISAGREE / OBJECT,dissent,,"(noun/verb, N) formally + disagree / object",PDF,,,,
DISAGREE / OBJECT,objection,,the act of expressing earnest opposition or protest,XLSX,,,,
DISASTROUS,calamitous,,"(adj, -ve) catastrophically + disastrous",PDF,,,,
DISASTROUS,cataclysm,,"a sudden violent change in the earth's surface, sudden violent disaster",GREG_MAT,,,,
DISASTROUS,cataclysmic,,"(adj, -ve) world-shakingly + disastrous",BOTH,,,,
DISASTROUS,catastrophic,,"(adj, -ve) ruinously + disastrous",PDF,,,,
DISASTROUS,dire,,fraught with extreme danger; nearly hopeless; ; - G.C.Marshall,XLSX,,,,
DISASTROUS,disastrous,,(of events) having extremely unfortunate or dire consequences; bringing ruin; ; ; ; - Charles Darwin; - Douglas MacArthur,XLSX,,,,
DISGRACEFUL,abject,,"(adj, -ve) utterly miserable, degrading",BOTH,,,,
DISGRACEFUL,base,,"(adj, -ve) morally low, contemptibly + disgraceful",PDF,,,,
DISGRACEFUL,depraved,,corrupt morally or by intemperance or sensuality,GREG_MAT,,,,
DISGRACEFUL,depravity,,"(noun, -ve) moral corruption (noun) + disgraceful",PDF,,,,
DISGRACEFUL,ignoble,,"completely lacking nobility in character or quality or purpose; ; - Oliver Wendell Holmes, Jr.",XLSX,,,,
DISGRACEFUL,odious,,"(adj, -ve) hatefully repugnant + disgraceful",PDF,,,,
DISGRACEFUL,opprobrious,,expressing offensive reproach,XLSX,,,,
DISGRACEFUL,opprobrium,,"(noun, -ve) public disgrace (noun) + disgraceful",BOTH,,,,
DISGRACEFUL,reprehensible,,bringing or deserving severe rebuke or censure,XLSX,,,,
DISGRACEFUL,repugnant,,"(adj, -ve) repulsively offensive + disgraceful",PDF,,,,
DISGRACEFUL,sordid,,"(adj, -ve) dirty, morally sleazy",BOTH,,,,
DISGRACEFUL,turpitude,,"(noun, -ve) depraved wickedness (noun) + disgraceful",PDF,,,,
DISHONEST,chicanery,,"(noun, -ve) cheap trickery (noun) + dishonest",PDF,,,,
DISHONEST,deceptive,,causing one to believe what is not true or fail to believe what is true,XLSX,,,,
DISHONEST,dishonest,,deceptive or fraudulent; disposed to cheat or defraud or deceive,XLSX,,,,
DISHONEST,disingenuous,,"(adj, -ve) fake-sincerely + dishonest",BOTH,,,,
DISHONEST,duplicitous,,"(adj, -ve) two-facedly + dishonest",PDF,,,,
DISHONEST,duplicity,,a fraudulent or duplicitous representation,XLSX,,,,
DISHONEST,fraudulence,,a fraudulent or duplicitous representation,XLSX,,,,
DISHONEST,insincere,,lacking sincerity,XLSX,,,,
DISHONEST,insincerity,,the quality of not being open or truthful; deceitful or hypocritical,XLSX,,,,
DISHONEST,mendacious,,given to lying,GREG_MAT,,,,
DISHONEST,mendacity,,"(noun, -ve) habitual lying (noun) + dishonest",BOTH,,,,
DISHONEST,perfidious,,tending to betray; especially having a treacherous character as attributed to the Carthaginians by the Romans,XLSX,,,,
DISHONEST,perfidiousness,,betrayal of a trust,XLSX,,,,
DISHONEST,perfidy,,"(noun, -ve) treacherous betrayal (noun) + dishonest",PDF,,,,
DISHONEST,renege,,"(verb, -ve) break a promise, go back on one's word",PDF,,,,
DISHONEST,unscrupulous,,"(adj, -ve) having no principles + dishonest",PDF,,,,
DISTRESSED / UPSET,aggrieve,,infringe on the rights of,XLSX,,,,
DISTRESSED / UPSET,distress,,psychological suffering,XLSX,,,,
DISTRESSED / UPSET,distressed,,"(adj, -ve) anxiously troubled + distressed / upset",PDF,,,,
DISTRESSED / UPSET,exasperated,,"(adj, -ve) frustratedly irritated + distressed / upset",PDF,,,,
DISTRESSED / UPSET,harrow,,a cultivator that pulverizes or smooths the soil,XLSX,,,,
DIVERSE,diverse,,many and different,XLSX,,,,
DIVERSE,diversify,,make (more) diverse,XLSX,,,,
DIVERSE,diversity,,noticeable heterogeneity,XLSX,,,,
DIVERSE,eclectic,,"(adj, +ve) from varied sources + diverse",BOTH,,,,
DIVERSE,eclecticism,,making decisions on the basis of what seems best instead of following some single doctrine or style,XLSX,,,,
DIVERSE,heterogeneity,,the quality of being diverse and not comparable in kind,XLSX,,,,
DIVERSE,heterogeneous,,"(adj, N) mixed, varied + diverse",BOTH,,,,
DIVERSE,multifarious,,having many aspects,XLSX,,,,
DIVERT / TURN ASIDE,deflect,,"(verb, N) redirect away + divert / turn aside",PDF,,,,
DIVERT / TURN ASIDE,deflection,,a twist or aberration; especially a perverse or abnormal way of judging or acting,GREG_MAT,,,,
DIVERT / TURN ASIDE,divert,,turn aside; turn away from,XLSX,,,,
DIVERT / TURN ASIDE,redirect,,channel into a new direction,XLSX,,,,
DIVISION / SPLIT,dichotomous,,divided or dividing into two sharply distinguished parts or classifications,XLSX,,,,
DIVISION / SPLIT,dichotomy,,"(noun, N) a clean two-way + division / split",PDF,,,,
DIVISION / SPLIT,fissure,,a long narrow depression in a surface,XLSX,,,,
DIVISION / SPLIT,polarize,,"(verb, -ve) split into opposing camps + conflict / discord",BOTH,,,,
DIVISION / SPLIT,separation,,the state of lacking unity,XLSX,,,,
DIVISION / SPLIT,split,,extending the legs at right angles to the trunk (one in front and the other in back),XLSX,,,,
DOUBT / SKEPTICISM,implausibility,,the quality of provoking disbelief,XLSX,,,,
DOUBT / SKEPTICISM,implausible,,having a quality that provokes disbelief,XLSX,,,,
DOUBT / SKEPTICISM,query,,an instance of questioning,XLSX,,,,
DOUBT / SKEPTICISM,quizzical,,playfully vexing (especially by ridicule); - Lawrence Durrell,XLSX,,,,
DOUBT / SKEPTICISM,suspect,,"(verb/noun/adj, -ve) doubt, distrust | questionable (adj)",BOTH,,,,
DRAW OUT / EVOKE,conjure,,"summon into action or bring into existence, often as if by magic",XLSX,,,,
DRAW OUT / EVOKE,elicit,,"(verb, N) coax out (a response) + draw out / evoke",BOTH,,,,
DRAW OUT / EVOKE,elicitation,,stimulation that calls up (draws forth) a particular class of behaviors,GREG_MAT,,,,
DRAW OUT / EVOKE,evocative,,serving to bring to mind; - Wilder Hobson,XLSX,,,,
DRAW OUT / EVOKE,evoke,,"(verb, N) summon feelings/memories + draw out / evoke",BOTH,,,,
DRAW OUT / EVOKE,redolent,,serving to bring to mind; - Wilder Hobson,XLSX,,,,
DULL / BLAND,anodyne,,a medicine used to relieve pain,XLSX,,,,
DULL / BLAND,dull,,make dull in appearance,XLSX,,,,
DULL / BLAND,insipid,,"(adj, -ve) flavorlessly + dull / bland",BOTH,,,,
DULL / BLAND,vapid,,"(adj, -ve) emptily + dull / bland",BOTH,,,,
DULL / BLAND,vapidity,,the quality of being vapid and unsophisticated,GREG_MAT,,,,
DULL / BLAND,wan,,a computer network that spans a wider area than does a local area network,XLSX,,,,
EAGERNESS / ZEAL,alacrity,,"(noun, +ve) cheerful eagerness (noun) + passionate / eager",BOTH,,,,
EAGERNESS / ZEAL,fanatical,,marked by excessive enthusiasm for and intense devotion to a cause or idea,XLSX,,,,
EFFECTIVE / POWERFUL,effective,,producing or capable of producing an intended result or having a striking effect; -LewisMumford,XLSX,,,,
EFFECTIVE / POWERFUL,effectuality,,power to be effective; the quality of being able to bring about an effect,XLSX,,,,
EFFECTIVE / POWERFUL,efficacious,,"(adj, +ve) provenly + effective / powerful",BOTH,,,,
EFFECTIVE / POWERFUL,efficacy,,capacity or power to produce a desired effect,XLSX,,,,
EFFICIENT / CAPABLE,effectively,,in an effective manner,XLSX,,,,
EFFICIENT / CAPABLE,efficiency,,the ratio of the output to the input of any system,XLSX,,,,
EFFICIENT / CAPABLE,efficient,,being effective without wasting time or effort or expense,XLSX,,,,
EFFICIENT / CAPABLE,efficiently,,with efficiency; in an efficient manner,XLSX,,,,
ELABORATE / EXPAND,belabor,,to work at or to absurd length,XLSX,,,,
ELABORATE / EXPAND,elaborate,,"(verb/adj, N) expand in detail + elaborate / expand | also: detailed (adj)",BOTH,,,,
ELABORATE / EXPAND,expatiate,,"(verb, N) at great, windy length + elaborate / expand",PDF,,,,
ELITE / DISTINGUISHED,dominance,,superior development of one side of the body,XLSX,,,,
ELITE / DISTINGUISHED,dominant,,(music) the fifth note of the diatonic scale,XLSX,,,,
ELITE / DISTINGUISHED,elitism,,the attitude that society should be governed by an elite group of individuals,GREG_MAT,,,,
ELITE / DISTINGUISHED,illustrious,,widely known and esteemed,XLSX,,,,
ELITE / DISTINGUISHED,luminary,,a celebrity who is an inspiration to others,XLSX,,,,
ELITE / DISTINGUISHED,predominant,,most frequent or common,XLSX,,,,
ELITE / DISTINGUISHED,prestigious,,having an illustrious reputation; respected,XLSX,,,,
ELITE / DISTINGUISHED,renowned,,widely known and esteemed,XLSX,,,,
ELITE / DISTINGUISHED,reputation,,the state of being held in high esteem and honor,XLSX,,,,
ELITE / DISTINGUISHED,superiority,,the quality of being superior,XLSX,,,,
ELITE / DISTINGUISHED,supremacy,,power to dominate or defeat,XLSX,,,,
ELOQUENT / EXPRESSIVE,articulate,,"(verb/adj, +ve) clearly + eloquent / expressive",BOTH,,,,
ELOQUENT / EXPRESSIVE,eloquence,,powerful and effective language,XLSX,,,,
ELOQUENT / EXPRESSIVE,eloquent,,"(adj, +ve) movingly + eloquent / expressive",BOTH,,,,
ELOQUENT / EXPRESSIVE,expressive,,characterized by expression,XLSX,,,,
ELOQUENT / EXPRESSIVE,fluency,,powerful and effective language,XLSX,,,,
EMOTIONAL / SENTIMENTAL,emotional,,determined or actuated by emotion rather than reason,XLSX,,,,
EMOTIONAL / SENTIMENTAL,emotiveness,,emotional; sentimental,XLSX,,,,
EMOTIONAL / SENTIMENTAL,maudlin,,effusively or insincerely emotional,XLSX,,,,
EMOTIONAL / SENTIMENTAL,mawkish,,"(adj, -ve) sickeningly + sentimental",BOTH,,,,
EMOTIONAL / SENTIMENTAL,mawkishness,,insincere pathos,XLSX,,,,
EMOTIONAL / SENTIMENTAL,nostalgia,,longing for something past,XLSX,,,,
EMOTIONAL / SENTIMENTAL,poignant,,"(adj, +ve) touchingly moving",BOTH,,,,
EMOTIONAL / SENTIMENTAL,sentiment,,"tender, romantic, or nostalgic feeling or emotion",GREG_MAT,,,,
EMOTIONAL / SENTIMENTAL,sentimental,,"(adj, N) nostalgically emotional + sentimental",PDF,,,,
EMOTIONAL / SENTIMENTAL,wistful,,"(adj, N) yearningly melancholy",BOTH,,,,
EMPHASIZE,accentuate,,"(verb, N) highlight + emphasize",BOTH,,,,
EMPHASIZE,foreground,,the part of a scene that is near the viewer,XLSX,,,,
EMPHASIZE,highlight,,the most interesting or memorable part,XLSX,,,,
EMPHASIZE,underscore,,"(verb, N) stress, underline + emphasize",BOTH,,,,
ENDLESS,eternal,,continuing forever or indefinitely,XLSX,,,,
ENDLESS,interminable,,"(adj, -ve) tediously + endless",BOTH,,,,
ENDLESS,unrelenting,,not to be placated or appeased or moved by entreaty,XLSX,,,,
ENDURING / TIMELESS,endurance,,the power to withstand hardship or stress,XLSX,,,,
ENDURING / TIMELESS,eternality,,enduring; timeless,XLSX,,,,
ENDURING / TIMELESS,immortality,,the quality or state of being immortal,XLSX,,,,
ENDURING / TIMELESS,immutability,,the quality of being incapable of mutation,XLSX,,,,
ENDURING / TIMELESS,immutable,,"(adj, N) unchangeably fixed + lasting",BOTH,,,,
ENDURING / TIMELESS,invariability,,a quality of uniformity and lack of variation,XLSX,,,,
ENDURING / TIMELESS,stability,,the quality or attribute of being firm and steadfast,XLSX,,,,
ENDURING / TIMELESS,stabilization,,the act of stabilizing something or making it more stable,XLSX,,,,
ENDURING / TIMELESS,steady,,a person loved by another person,XLSX,,,,
ENDURING / TIMELESS,timelessness,,a state of eternal existence believed in some religions to characterize the afterlife,XLSX,,,,
ENERGETIC / KINETIC,kinetic,,relating to the motion of material bodies and the forces associated therewith,XLSX,,,,
ENERGETIC / KINETIC,lively,,full of life and energy,XLSX,,,,
ENERGIZE,animate,,heighten or intensify,XLSX,,,,
ENERGIZE,embolden,,give encouragement to,XLSX,,,,
ENERGIZE,energize,,cause to be alert and energetic,XLSX,,,,
ENERGIZE,enliven,,heighten or intensify,XLSX,,,,
ENERGIZE,galvanize,,"(verb, +ve) electrify into action + provoke / stir up",BOTH,,,,
ENERGIZE,invigorate,,"(verb, +ve) refresh + energize",BOTH,,,,
ENERGIZE,revitalize,,restore strength,XLSX,,,,
ENERGIZE,stimulant,,any stimulating information or event; acts to arouse action,XLSX,,,,
ENERGIZE,stimulate,,act as a stimulant,XLSX,,,,
ENERGY / LIVELINESS,desiccate,,"(verb, -ve) dry out completely; drain of vitality",PDF,,,,
ENERGY / LIVELINESS,energy,,(physics) a thermodynamic quantity equivalent to the capacity of a physical system to do work; the units of energy are joules or ergs,XLSX,,,,
ENERGY / LIVELINESS,exuberance,,joyful enthusiasm,XLSX,,,,
ENERGY / LIVELINESS,scintillate,,give off,GREG_MAT,,,,
ENERGY / LIVELINESS,verve,,"(noun, +ve) enthusiastic flair + energy / liveliness",PDF,,,,
ENERGY / LIVELINESS,vibrant,,vigorous and animated,XLSX,,,,
ENERGY / LIVELINESS,vigor,,forceful exertion,GREG_MAT,,,,
ENERGY / LIVELINESS,vitality,,"(noun, +ve) life-force + energy / liveliness",BOTH,,,,
ENERGY / LIVELINESS,vivacity,,characterized by high spirits and animation,XLSX,,,,
ENERGY / LIVELINESS,youthfulness,,the freshness and vitality characteristic of a young person,XLSX,,,,
ENORMOUS / REMARKABLE,gargantuan,,of great mass; huge and bulky,XLSX,,,,
ENORMOUS / REMARKABLE,gigantic,,so exceedingly large or extensive as to suggest a giant or mammoth,XLSX,,,,
ENORMOUS / REMARKABLE,massive,,imposing in size or bulk or solidity,XLSX,,,,
ENORMOUS / REMARKABLE,monstrous,,abnormally large,XLSX,,,,
ENORMOUS / REMARKABLE,prodigious,,"(adj, +ve) impressively + enormous / remarkable",BOTH,,,,
ENORMOUS / REMARKABLE,remarkable,,"(adj, +ve) notably extraordinary + enormous / remarkable",BOTH,,,,
EQUIVALENT,analogous,,"(adj, N) comparable, similar in function",BOTH,,,,
EQUIVALENT,commensurate,,"(adj, N) proportionately + equivalent",PDF,,,,
EQUIVALENT,comparable,,able to be compared or worthy of comparison,XLSX,,,,
EQUIVALENT,equivalent,,a person or thing equal to another in value or measure or force or effect or significance etc,XLSX,,,,
EQUIVALENT,interchangeable,,"(adj, N) swappably + equivalent",BOTH,,,,
EQUIVALENT,parity,,(obstetrics) the number of liveborn children a woman has delivered,XLSX,,,,
EQUIVALENT,synonymous,,(of words) meaning the same or nearly the same,XLSX,,,,
EQUIVALENT,tantamount,,"(adj, N) effectively (often to something bad) + equivalent",BOTH,,,,
ESSENTIAL,crucial,,of extreme importance; vital to the resolution of a crisis,XLSX,,,,
ESSENTIAL,essential,,anything indispensable,XLSX,,,,
ESSENTIAL,imperative,,"(adj/noun, N) urgently required + essential",BOTH,,,,
ESSENTIAL,indispensable,,"(adj, +ve) absolutely necessary + essential",BOTH,,,,
ESSENTIAL,integral,,the result of a mathematical integration; F(x) is the integral of f(x) if dF/dx = f(x),XLSX,,,,
ESSENTIAL,necessary,,anything indispensable,XLSX,,,,
ESSENTIAL,necessitate,,"require as useful, just, or proper",XLSX,,,,
ESSENTIAL,quintessential,,representing the perfect example of a class or quality,XLSX,,,,
ESSENTIAL,requisite,,anything indispensable,XLSX,,,,
ESSENTIAL,vital,,urgently needed; absolutely necessary,XLSX,,,,
EVASIVE,ambiguity,,an expression whose meaning cannot be determined from its context,XLSX,,,,
EVASIVE,ambiguous,,open to two or more interpretations; or of uncertain nature or significance; or (often) intended to mislead,XLSX,,,,
EVASIVE,cagey,,showing self-interest and shrewdness in dealing with others,XLSX,,,,
EVASIVE,dissemble,,"(verb, -ve) hide true feelings (verb) + evasive",PDF,,,,
EVASIVE,elusive,,"(adj, N) hard to pin down + evasive",BOTH,,,,
EVASIVE,equivocal,,open to two or more interpretations; or of uncertain nature or significance; or (often) intended to mislead,XLSX,,,,
EVASIVE,equivocate,,"(verb, -ve) speak deliberately ambiguously (verb) + evasive",PDF,,,,
EVASIVE,equivocation,,a statement that is not literally false but that cleverly avoids an unpleasant truth,XLSX,,,,
EVASIVE,evasion,,a statement that is not literally false but that cleverly avoids an unpleasant truth,GREG_MAT,,,,
EVASIVE,evasive,,"(adj, -ve) dodgingly + evasive",BOTH,,,,
EVASIVE,furtively,,in a furtive manner,XLSX,,,,
EVASIVE,hedge,,a fence formed by a row of closely planted shrubs or bushes,XLSX,,,,
EVASIVE,prevaricate,,"(verb, -ve) lie by dodging (verb) + evasive",PDF,,,,
EVASIVE,slippery,,causing or tending to cause things to slip or slide,XLSX,,,,
EXAGGERATE,caricature,,"(noun/verb, -ve) a distorted, mocking portrayal (noun) + exaggerate",PDF,,,,
EXAGGERATE,embellish,,"(verb, N) decorate with extras + exaggerate",BOTH,,,,
EXAGGERATE,exaggerate,,to enlarge beyond bounds or the truth,XLSX,,,,
EXAGGERATE,exaggeration,,extravagant exaggeration,XLSX,,,,
EXAGGERATE,hyperbole,,"(noun, N) deliberate overstatement (noun) + exaggerate",BOTH,,,,
EXAGGERATE,hyperbolic,,enlarged beyond truth or reasonableness,XLSX,,,,
EXAGGERATE,inflate,,exaggerate or make bigger,XLSX,,,,
EXAGGERATE,overblown,,puffed up with vanity; ; ; ; - Newsweek,XLSX,,,,
EXAGGERATE,overclaiming,,exaggerate,XLSX,,,,
EXAGGERATE,overrate,,make too high an estimate of,XLSX,,,,
EXAGGERATE,overstate,,to enlarge beyond bounds or the truth,XLSX,,,,
EXPAND / GROW,broaden,,make broader,XLSX,,,,
EXPAND / GROW,burgeon,,"(verb, +ve) flourish rapidly + expand / grow",BOTH,,,,
EXPAND / GROW,distend,,"(verb, -ve) swell abnormally + expand / grow",BOTH,,,,
EXPAND / GROW,expand,,extend in one or more directions,XLSX,,,,
EXPAND / GROW,expansion,,the act of increasing (something) in size or volume or quantity or scope,XLSX,,,,
EXPAND / GROW,grow,,"pass into a condition gradually, take on a specific property or attribute; become",XLSX,,,,
EXPEL / REMOVE,banish,,"(verb, -ve) exile away + expel / remove",PDF,,,,
EXPEL / REMOVE,banishment,,the state of being banished or ostracized (excluded from society by general consent),GREG_MAT,,,,
EXPEL / REMOVE,expatriate,,a person who is voluntarily absent from home or country,XLSX,,,,
EXPEL / REMOVE,expel,,force to leave or move out,XLSX,,,,
EXPEL / REMOVE,relegate,,"(verb, -ve) demote downward + expel / remove",PDF,,,,
EXPOSE / REVEAL,elucidation,,an act of explaining that serves to clear up and cast light on,XLSX,,,,
EXPOSE / REVEAL,exposure,,vulnerability to the elements; to the action of heat or cold or wind or rain;  or,XLSX,,,,
EXPOSE / REVEAL,publicize,,make public,XLSX,,,,
FAIR / UNBIASED,disinterested,,"(adj, +ve) impartially (NOT bored) + fair / unbiased",BOTH,,,,
FAIR / UNBIASED,dispassionate,,unaffected by strong emotion or prejudice,XLSX,,,,
FAIR / UNBIASED,equitable,,"(adj, +ve) justly + fair / unbiased",BOTH,,,,
FAIR / UNBIASED,evenhanded,,without partiality,XLSX,,,,
FAIR / UNBIASED,evenhandedness,,fair; unbiased,XLSX,,,,
FAIR / UNBIASED,fairness,,conformity with rules or standards,XLSX,,,,
FAIR / UNBIASED,impartial,,showing lack of favoritism,XLSX,,,,
FAIR / UNBIASED,impartiality,,an inclination to weigh both views or opinions equally,XLSX,,,,
FAIR / UNBIASED,neutrality,,nonparticipation in a dispute or war,XLSX,,,,
FAIR / UNBIASED,objective,,the goal intended to be attained (and which is believed to be attainable),XLSX,,,,
FAIR / UNBIASED,objectivity,,judgment based on observable phenomena and uninfluenced by emotions or personal prejudices,XLSX,,,,
FAKE,apocryphal,,being of questionable authenticity,XLSX,,,,
FAKE,bogus,,"(adj, -ve) counterfeit + fake",PDF,,,,
FAKE,counterfeit,,"(noun/adj/verb, -ve) forged, imitation + fake",BOTH,,,,
FAKE,fake,,something that is a counterfeit; not what it seems to be,XLSX,,,,
FAKE,phony,,"(adj/noun, -ve) fraudulently + fake",PDF,,,,
FAKE,sham,,"(noun/adj, -ve) a pretend, fraud + fake",BOTH,,,,
FAKE,specious,,"(adj, -ve) deceptively plausible-looking + fake",BOTH,,,,
FAKE,spurious,,"(adj, -ve) falsely presented as real + fake",BOTH,,,,
FAKE BEHAVIOR,affectation,,"(noun, -ve) put-on mannerisms (noun) + fake behavior",PDF,,,,
FAKE BEHAVIOR,artificial,,contrived by art rather than nature,XLSX,,,,
FAKE BEHAVIOR,hypocrisy,,an expression of agreement that is not supported by real conviction,XLSX,,,,
FAKE BEHAVIOR,hypocrite,,"(noun, -ve) one who preaches what they don't practice",PDF,,,,
FAKE BEHAVIOR,hypocritic,,fake behavior,XLSX,,,,
FAKE BEHAVIOR,posturing,,"(noun/verb, -ve) pretentious posing (noun) + fake behavior",PDF,,,,
FAKE BEHAVIOR,pretentious,,"(adj, -ve) pretending importance + showy / ornate",BOTH,,,,
FAKE BEHAVIOR,sanctimonious,,"(adj, -ve) hypocritically self-righteous",BOTH,,,,
FAKE BEHAVIOR,sanctimony,,the quality of being hypocritically devout,XLSX,,,,
FAREWELL,valediction,,a farewell oration (especially one delivered during graduation exercises by an outstanding member of a graduating class),XLSX,,,,
FAREWELL,valedictory,,"(adj/noun, N) a farewell (address)",BOTH,,,,
FASHIONABLE,chic,,elegance by virtue of being fashionable,XLSX,,,,
FASHIONABLE,modish,,"(adj, N) stylishly (can imply faddish) + fashionable",PDF,,,,
FASHIONABLE,trendy,,in accord with the latest fad,XLSX,,,,
FAVORABLE,auspice,,a favorable omen,GREG_MAT,,,,
FAVORABLE,auspicious,,"(adj, +ve) promisingly (good omens) + favorable",BOTH,,,,
FAVORABLE,conducive,,"(adj, +ve) helpfully leading to + favorable",BOTH,,,,
FAVORABLE,favorable,,encouraging or approving or pleasing,XLSX,,,,
FAVORABLE,opportune,,suitable or at a time that is suitable or advantageous especially for a particular purpose,XLSX,,,,
FAVORABLE,propitious,,"(adj, +ve) luckily well-timed + favorable",BOTH,,,,
FEASIBLE / WORKABLE,feasible,,"(adj, +ve) doably + feasible / workable",BOTH,,,,
FEASIBLE / WORKABLE,viability,,(of living things) capable of normal growth and development,GREG_MAT,,,,
FEASIBLE / WORKABLE,viable,,"(adj, +ve) sustainably + feasible / workable",BOTH,,,,
FERTILE / PRODUCTIVE,fecund,,"(adj, +ve) abundantly + fertile / productive",PDF,,,,
FERTILE / PRODUCTIVE,fecundity,,the intellectual productivity of a creative imagination,XLSX,,,,
FERTILE / PRODUCTIVE,fertility,,the ratio of live births in an area to the population of that area; expressed per 1000 population per year,XLSX,,,,
FERTILE / PRODUCTIVE,fruitful,,"(adj, +ve) rewardingly + fertile / productive",BOTH,,,,
FERTILE / PRODUCTIVE,fruitfulness,,the quality of something that causes or assists healthy growth,XLSX,,,,
FERTILE / PRODUCTIVE,generative,,having the ability to produce or originate,XLSX,,,,
FERTILE / PRODUCTIVE,lucrative,,"(adj, +ve) profitably + fertile / productive",BOTH,,,,
FERTILE / PRODUCTIVE,productive,,producing or capable of producing (especially abundantly),XLSX,,,,
FERTILE / PRODUCTIVE,productivity,,the quality of being productive or having the power to produce,XLSX,,,,
FERTILE / PRODUCTIVE,prolific,,intellectually productive,XLSX,,,,
FIGURE OUT,ascertain,,"(verb, N) for certain + figure out",BOTH,,,,
FIGURE OUT,calculate,,make a mathematical calculation or computation,XLSX,,,,
FIGURE OUT,comprehend,,get the meaning of something,XLSX,,,,
FIGURE OUT,determine,,"establish after a calculation, investigation, experiment, survey, or study",XLSX,,,,
FIGURE OUT,discern,,detect with the senses,XLSX,,,,
FIGURE OUT,fathom,,"(verb/noun, N) the depths of, comprehendingly + figure out",BOTH,,,,
FIGURE OUT,glean,,"gather, as of natural products",XLSX,,,,
FLAGRANTLY BAD,egregious,,"(adj, -ve) outrageously + flagrantly bad",BOTH,,,,
FLAGRANTLY BAD,flagrant,,"(adj, -ve) blatantly + flagrantly bad",PDF,,,,
FLEXIBLE / ADAPTABLE,adapt,,"make fit for, or change to suit a new purpose",XLSX,,,,
FLEXIBLE / ADAPTABLE,adaptable,,capable of adapting (of becoming or being made suitable) to a particular situation or use,XLSX,,,,
FLEXIBLE / ADAPTABLE,adaptive,,having a capacity for adaptation,XLSX,,,,
FLEXIBLE / ADAPTABLE,fluidity,,the property of flowing easily,XLSX,,,,
FLEXIBLE / ADAPTABLE,fungible,,"(adj, N) unit-for-unit replaceable + equivalent",BOTH,,,,
FLEXIBLE / ADAPTABLE,malleable,,"(adj, N) easily shaped/influenced + yielding / flexible",BOTH,,,,
FLEXIBLE / ADAPTABLE,plastic,,"(adj, N) moldable + flexible / adaptable",BOTH,,,,
FLEXIBLE / ADAPTABLE,plasticity,,the property of being physically malleable; the property of something that can be worked or hammered or shaped without breaking,XLSX,,,,
FLEXIBLE / ADAPTABLE,pliable,,susceptible to being led or directed,XLSX,,,,
FLEXIBLE / ADAPTABLE,protean,,taking on different forms,XLSX,,,,
FLEXIBLE / ADAPTABLE,suppleness,,the gracefulness of a person or animal that is flexible and supple,XLSX,,,,
FLEXIBLE / ADAPTABLE,versatile,,"(adj, +ve) multi-skilled + flexible / adaptable",BOTH,,,,
FOLLOWER,acolyte,,"(noun, N) a devoted assistant + follower",PDF,,,,
FOLLOWER,adherent,,someone who believes and helps to spread the doctrine of another,XLSX,,,,
FOLLOWER,apologist,,"(noun, N) a defender who argues for a cause",BOTH,,,,
FOLLOWER,disciple,,"(noun, N) a faithful adherent + follower",PDF,,,,
FOLLOWER,enthusiast,,an ardent and enthusiastic supporter of some person or activity,XLSX,,,,
FOLLOWER,evangelist,,a preacher of the Christian gospel,XLSX,,,,
FOLLOWER,proponent,,a person who pleads for a cause or propounds an idea,XLSX,,,,
FOLLOWER,proselytizer,,follower,XLSX,,,,
FORBID / PROHIBIT,bar,,a room or establishment where alcoholic drinks are served over a counter,XLSX,,,,
FORBID / PROHIBIT,censorship,,counterintelligence achieved by banning or deleting any information of value to the enemy,XLSX,,,,
FORBID / PROHIBIT,embargo,,a government order imposing a trade barrier,XLSX,,,,
FORBID / PROHIBIT,forbid,,command against,XLSX,,,,
FORBID / PROHIBIT,proscription,,a decree that prohibits something,XLSX,,,,
FORBID / PROHIBIT,proscriptive,,forbid; prohibit,XLSX,,,,
FORCED COMPULSION,coerce,,"to cause to do through pressure or necessity, by physical, moral or intellectual means :",GREG_MAT,,,,
FORCED COMPULSION,coercion,,"(noun, -ve) threat-based + forced compulsion",PDF,,,,
FORCED COMPULSION,compel,,force somebody to do something,XLSX,,,,
FORCED COMPULSION,compulsory,,required by rule,XLSX,,,,
FORCED COMPULSION,duress,,"(noun, -ve) under-pressure + forced compulsion",PDF,,,,
FORESEEING / PROPHETIC,ominous,,"(adj, -ve) threateningly foreboding + foreseeing / prophetic",PDF,,,,
FORESEEING / PROPHETIC,oracular,,of or relating to an oracle,XLSX,,,,
FORESEEING / PROPHETIC,prescience,,the power to foresee the future,XLSX,,,,
FORESEEING / PROPHETIC,prescient,,"(adj, +ve) impressively + foreseeing / prophetic",BOTH,,,,
FORESEEING / PROPHETIC,prophetic,,"(adj, N) predictively + foreseeing / prophetic",BOTH,,,,
FORESEEING / PROPHETIC,visionary,,"(noun/adj, +ve) an idealistic, forward-seeing dreamer",BOTH,,,,
FORETELL / FORESHADOW,betoken,,be a signal for or a symptom of,XLSX,,,,
FORETELL / FORESHADOW,forebode,,"(verb, -ve) darkly + foretell / foreshadow",PDF,,,,
FORETELL / FORESHADOW,foreordain,,foreordain by divine will or decree,XLSX,,,,
FORETELL / FORESHADOW,foretell,,foreshadow or presage,XLSX,,,,
FORETELL / FORESHADOW,harbinger,,"(noun, N) a forerunner-omen (noun) + foretell / foreshadow",BOTH,,,,
FORETELL / FORESHADOW,portend,,"(verb, -ve) ominously (usually bad things) + foretell / foreshadow",BOTH,,,,
FORETELL / FORESHADOW,predetermine,,determine beforehand,XLSX,,,,
FORETELL / FORESHADOW,predict,,make a prediction about; tell in advance,XLSX,,,,
FORETELL / FORESHADOW,predictor,,someone who makes predictions of the future (usually on the basis of special knowledge),XLSX,,,,
FORETELL / FORESHADOW,prefigure,,"(verb, N) in an earlier form + foretell / foreshadow",BOTH,,,,
FORETELL / FORESHADOW,preordain,,foreordain or determine beforehand,XLSX,,,,
FORETELL / FORESHADOW,presage,,"(verb/noun, N) be a sign of + foretell / foreshadow",BOTH,,,,
FORETELL / FORESHADOW,prognosis,,a prediction about how something (as the weather) will develop,XLSX,,,,
FORMER,antecedent,,someone from whom you are descended (but usually more remote than a grandparent),XLSX,,,,
FORMER,erstwhile,,"(adj, N) once-upon-a-time + former",PDF,,,,
FORMER,onetime,,"(adj, N) previously + former",PDF,,,,
FORMIDABLE,daunting,,"(adj, -ve) discouragingly intimidating + formidable",PDF,,,,
FORMIDABLE,formidable,,extremely impressive in strength or excellence,XLSX,,,,
FORMIDABLE,redoubtable,,"(adj, +ve) respect-commandingly + formidable",PDF,,,,
FRANK,blunt,,make less intense,XLSX,,,,
FRANK,candid,,"(adj, +ve) refreshingly frank + honest",BOTH,,,,
FRANK,candor,,ability to make judgments free from discrimination or dishonesty,GREG_MAT,,,,
FRANK,direct,,command with authority,XLSX,,,,
FRANK,frank,,"(adj/verb, +ve) directly, openly + honest",BOTH,,,,
FRANK,frankness,,the quality of being honest and straightforward in attitude and speech,XLSX,,,,
FRIENDLY,affable,,diffusing warmth and friendliness,XLSX,,,,
FRIENDLY,amicable,,"(adj, +ve) peaceably (settlements, splits) + friendly",PDF,,,,
FRIENDLY,camaraderie,,the quality of affording easy familiarity and sociability,XLSX,,,,
FRIENDLY,collegial,,characterized by or having authority vested equally among colleagues; ; - Merle Fainsod,XLSX,,,,
FRIENDLY,collegiality,,friendly,XLSX,,,,
FRIENDLY,congenial,,"(adj, +ve) agreeably compatible + friendly",PDF,,,,
FRIENDLY,cordial,,"(adj, +ve) warmly + friendly",BOTH,,,,
FRIENDLY,cordiality,,a cordial disposition,XLSX,,,,
FRIENDLY,friendly,,troops belonging to or allied with your own military forces,XLSX,,,,
FRIENDLY,warmhearted,,marked by warmth of feeling like kindness and sympathy and generosity,XLSX,,,,
FUTILE / INEFFECTUAL,bootless,,unproductive of success,XLSX,,,,
FUTILE / INEFFECTUAL,feckless,,"(adj, -ve) irresponsibly ineffective + clumsy / inept",BOTH,,,,
FUTILE / INEFFECTUAL,fecklessness,,worthlessness due to being feeble and ineffectual,GREG_MAT,,,,
FUTILE / INEFFECTUAL,futile,,"(adj, -ve) uselessly pointless",BOTH,,,,
FUTILE / INEFFECTUAL,futility,,uselessness as a consequence of having no practical result,XLSX,,,,
FUTILE / INEFFECTUAL,ineffectual,,not producing an intended effect,XLSX,,,,
FUTILE / INEFFECTUAL,pointlessness,,total lack of meaning or ideas,XLSX,,,,
FUTILE / INEFFECTUAL,vacuous,,"(adj, -ve) emptily mindless",BOTH,,,,
GENEROUS,beneficent,,"(adj, +ve) charitably kind + generous",PDF,,,,
GENEROUS,generosity,,the trait of being willing to give your money or time,XLSX,,,,
GENEROUS,largesse,,"(noun, +ve) generous giving (noun) + generous",BOTH,,,,
GENEROUS,magnanimous,,"(adj, +ve) nobly, forgivingly + generous",PDF,,,,
GENEROUS,munificence,,liberality in bestowing gifts; extremely liberal and generous of spirit,GREG_MAT,,,,
GENEROUS,munificent,,"(adj, +ve) lavishly + generous",BOTH,,,,
GIVE / ENDOW,boon,,"(noun, +ve) a blessing, benefit (noun) + beneficial / harmless",BOTH,,,,
GIVE / ENDOW,endow,,"(verb, +ve) fund generously | bestow (a quality)",PDF,,,,
GIVE / ENDOW,endowment,,natural abilities or qualities,XLSX,,,,
GIVE / ENDOW,gratify,,"(verb, +ve) please, satisfy",BOTH,,,,
GIVE UP / SURRENDER,abandon,,the trait of lacking restraint or control; reckless freedom from inhibition or worry,XLSX,,,,
GIVE UP / SURRENDER,capitulate,,"(verb, -ve) cave in, surrender + give up / surrender",PDF,,,,
GIVE UP / SURRENDER,cede,,give over; surrender or relinquish to the physical control of another,XLSX,,,,
GIVE UP / SURRENDER,forgo,,"(verb, N) voluntarily do without + give up / surrender",BOTH,,,,
GIVE UP / SURRENDER,forsake,,"(verb, -ve) abandon, desert + give up / surrender",BOTH,,,,
GIVE UP / SURRENDER,jettison,,"(verb, N) throw overboard, discard",BOTH,,,,
GIVE UP / SURRENDER,relinquish,,"(verb, N) formally let go of + give up / surrender",BOTH,,,,
GIVE UP / SURRENDER,succumb,,consent reluctantly,XLSX,,,,
GIVE UP / SURRENDER,surrender,,acceptance of despair,XLSX,,,,
GLOOMY / SAD,cheerless,,causing sad feelings of gloom and inadequacy,XLSX,,,,
GLOOMY / SAD,crestfallen,,"(adj, -ve) dejectedly disappointed + gloomy / sad",PDF,,,,
GLOOMY / SAD,gloomy,,depressingly dark,XLSX,,,,
GLOOMY / SAD,glum,,"(adj, -ve) quietly + gloomy / sad",PDF,,,,
GLOOMY / SAD,lugubrious,,"(adj, -ve) exaggeratedly mournful + gloomy / sad",BOTH,,,,
GLOOMY / SAD,melancholic,,someone subject to melancholia,XLSX,,,,
GLOOMY / SAD,morose,,"(adj, -ve) sullenly + gloomy / sad",PDF,,,,
GLOOMY / SAD,plaintive,,"(adj, N) mournful in tone (a sound/voice) + gloomy / sad",BOTH,,,,
GLOOMY / SAD,somber,,lacking brightness or color; dull,XLSX,,,,
GLOOMY / SAD,woe,,misery resulting from affliction,GREG_MAT,,,,
GLOOMY / SAD,woeful,,"(adj, -ve) wretchedly + gloomy / sad",PDF,,,,
GRACIOUS / POLITE,agreeable,,conforming to your own liking or feelings or nature; ; ; - Disraeli,XLSX,,,,
GRACIOUS / POLITE,good-natured,,having an easygoing and cheerful disposition,XLSX,,,,
GRACIOUS / POLITE,pleasant,,affording pleasure; being in harmony with your taste or likings,XLSX,,,,
GREEDY,acquisitive,,"(adj, -ve) possession-hungry + greedy",PDF,,,,
GREEDY,avaricious,,"(adj, -ve) money-hungrily + greedy",BOTH,,,,
GREEDY,covet,,"(verb, -ve) craving what others have (verb) + greedy",BOTH,,,,
GREEDY,covetous,,showing extreme cupidity; painfully desirous of another's advantages,GREG_MAT,,,,
GREEDY,greed,,excessive desire to acquire or possess more (especially more material wealth) than one needs or deserves,XLSX,,,,
GREEDY,insatiable,,impossible to satisfy,XLSX,,,,
GREEDY,materialism,,a desire for wealth and material possessions with little interest in ethical or spiritual matters,XLSX,,,,
GREEDY,rapacious,,"(adj, -ve) predatorily + greedy",BOTH,,,,
GREEDY,voracious,,excessively greedy and grasping,XLSX,,,,
GRIP / SEIZE,apprehend,,get the meaning of something,XLSX,,,,
GRIP / SEIZE,arrest,,the act of apprehending (especially apprehending a criminal),XLSX,,,,
GUILT / BLAME,accountability,,responsibility to someone or for some activity,XLSX,,,,
GUILT / BLAME,blame,,an accusation that you are responsible for some lapse or misdeed,XLSX,,,,
GUILT / BLAME,culpability,,a state of guilt,XLSX,,,,
GUILT / BLAME,guiltily,,in the manner of someone who has committed an offense,XLSX,,,,
HALT / STOP,cease,,"(verb/noun, N) stop, halt",PDF,,,,
HALT / STOP,halt,,the state of inactivity following an interruption,XLSX,,,,
HALT / STOP,stem,,(linguistics) the form of a word after all affixes are removed,XLSX,,,,
HAPPINESS / DELIGHT,content,,"(adj/noun/verb, N) satisfied | the substance within",BOTH,,,,
HAPPINESS / DELIGHT,delight,,a feeling of extreme pleasure or satisfaction,XLSX,,,,
HAPPINESS / DELIGHT,gratification,+, gratified or satisfied,GREG_MAT,,,,
HAPPINESS / DELIGHT,joy,,the emotion of great happiness,XLSX,,,,
HAPPINESS / DELIGHT,revel,,unrestrained merrymaking,XLSX,,,,
HARMFUL,baneful,,exceedingly harmful,XLSX,,,,
HARMFUL,corrosive,,a substance having the tendency to cause corrosion (such a strong acids or alkali),XLSX,,,,
HARMFUL,deleterious,,"(adj, -ve) damagingly (often subtly) + harmful",BOTH,,,,
HARMFUL,detrimental,,"(adj, -ve) damagingly + harmful",BOTH,,,,
HARMFUL,inimical,,"(adj, -ve) hostilely + harmful",BOTH,,,,
HARMFUL,insalubrious,,detrimental to health,XLSX,,,,
HARMFUL,noisome,,causing or able to cause nausea,XLSX,,,,
HARMFUL,noxious,,"(adj, -ve) toxically + harmful",PDF,,,,
HARMFUL,pernicious,,"(adj, -ve) destructively (gradual, insidious) + harmful",BOTH,,,,
HARMFUL,toxic,,of or relating to or caused by a toxin or poison,XLSX,,,,
HARMFUL,virulent,,"(adj, -ve) poisonously + hostile / aggressive",PDF,,,,
HARSH,abrasive,,"(adj, -ve) gratingly (personalities too) + harsh",PDF,,,,
HARSH,cacophony,,a loud harsh or strident noise,GREG_MAT,,,,
HARSH,clamor,,a loud harsh or strident noise,GREG_MAT,,,,
HARSH,harsh,,unpleasantly stern,XLSX,,,,
HARSH,strident,,conspicuously and offensively loud; given to vehement outcry,XLSX,,,,
HEALING / CORRECTIVE,convalescent,,"(adj/noun, N) recovery-stage + healing / corrective",PDF,,,,
HEALING / CORRECTIVE,curative,,a medicine or therapy that cures disease or relieve pain,XLSX,,,,
HEALING / CORRECTIVE,remedial,,"(adj, N) fix-the-deficiency + healing / corrective",PDF,,,,
HEALING / CORRECTIVE,restorative,,a medicine that strengthens and invigorates,XLSX,,,,
HEALING / CORRECTIVE,tonic,,lime- or lemon-flavored carbonated water containing quinine,XLSX,,,,
HESITANT / INDECISIVE,ambivalence,,mixed feelings or emotions,XLSX,,,,
HESITANT / INDECISIVE,ambivalent,,"(adj, N) having mixed, conflicting feelings",BOTH,,,,
HESITANT / INDECISIVE,indecision,,doubt concerning two or more possible alternatives or courses of action,XLSX,,,,
HESITANT / INDECISIVE,irresolute,,"(adj, -ve) waveringly + hesitant / indecisive",PDF,,,,
HESITANT / INDECISIVE,irresolution,,doubt concerning two or more possible alternatives or courses of action,XLSX,,,,
HESITANT / INDECISIVE,tentative,,"(adj, N) provisionally, cautiously + hesitant / indecisive",PDF,,,,
HESITANT / INDECISIVE,vacillate,,"(verb, -ve) swing back and forth (verb) + hesitant / indecisive",PDF,,,,
HESITANT / INDECISIVE,vacillation,,indecision in speech or action,XLSX,,,,
HESITANT / INDECISIVE,waver,,someone who communicates by waving,XLSX,,,,
HIERARCHY / RANK,aristocratic,,belonging to or characteristic of the nobility or aristocracy,XLSX,,,,
HIERARCHY / RANK,echelon,,"(noun, N) a rank or level in a hierarchy",PDF,,,,
HIERARCHY / RANK,hierarchical,,classified according to various criteria into successive levels or layers,XLSX,,,,
HIERARCHY / RANK,hierarchy,,a series of ordered groupings of people or things within a system,XLSX,,,,
HIGHEST POINT,apogee,,"(noun, N) the astronomically farthest + highest point",PDF,,,,
HIGHEST POINT,zenith,,"(noun, +ve) the glorious peak + highest point",PDF,,,,
HINT / REFER INDIRECTLY,allude,,"(verb, N) casually + hint / refer indirectly",PDF,,,,
HINT / REFER INDIRECTLY,allusion,,passing reference or indirect mention,XLSX,,,,
HINT / REFER INDIRECTLY,intimate,,"(adj/verb, N) subtly imply (verb) + hint / refer indirectly | also: close, private (adj)",PDF,,,,
HONEST,integrity,,an undivided or unbroken completeness or totality with nothing wanting,XLSX,,,,
HONEST,probity,,"(noun, +ve) deep moral integrity (noun) + honest",BOTH,,,,
HONEST,rectitude,,righteousness as a consequence of being honorable and honest,XLSX,,,,
HONEST,scruples,,motivation deriving logically from ethical or moral principles that govern a person's thoughts and actions,GREG_MAT,,,,
HONEST,truthfulness,,the quality of being truthful,XLSX,,,,
HONEST,uprightness,,the property of being upright in posture,XLSX,,,,
HONEST,veracious,,habitually speaking the truth,GREG_MAT,,,,
HONEST,veracity,,"(noun, +ve) truthfulness itself (noun) + honest",BOTH,,,,
HOSTILE / AGGRESSIVE,antagonistic,,indicating opposition or resistance,XLSX,,,,
HOSTILE / AGGRESSIVE,belligerence,,hostile or warlike attitude or nature,XLSX,,,,
HOSTILE / AGGRESSIVE,belligerent,,"(adj, -ve) war-seekingly + hostile / aggressive",PDF,,,,
HOSTILE / AGGRESSIVE,hostile,,troops belonging to the enemy's military forces,XLSX,,,,
HOSTILE / AGGRESSIVE,pugnacious,,"(adj, -ve) fist-first combative + hostile / aggressive",BOTH,,,,
HOSTILE / AGGRESSIVE,pugnacity,,a natural disposition to be hostile,XLSX,,,,
HOSTILE / AGGRESSIVE,truculent,,"(adj, -ve) savagely defiant + hostile / aggressive",BOTH,,,,
HOSTILITY / HATRED,acrimony,,a rough and bitter manner,XLSX,,,,
HOSTILITY / HATRED,animosity,,"(noun, -ve) active + hostility / hatred",PDF,,,,
HOSTILITY / HATRED,animus,,"(noun, -ve) underlying + hostility / hatred",BOTH,,,,
HOSTILITY / HATRED,antagonism,,a state of deep-seated ill-will,XLSX,,,,
HOSTILITY / HATRED,enmity,,"(noun, -ve) deep-seated + hostility / hatred",PDF,,,,
HOSTILITY / HATRED,hostility,,a hostile (very unfriendly) disposition,XLSX,,,,
HUMBLE / RESPECTFUL,deference,,"(noun, N) respectful submission (noun) + humble / respectful",BOTH,,,,
HUMBLE / RESPECTFUL,deferential,,showing deference,XLSX,,,,
HUMBLE / RESPECTFUL,humility,,a disposition to be humble; a lack of false pride,XLSX,,,,
HUMBLE / RESPECTFUL,modest,,"(adj, +ve) unassumingly + humble / respectful | also: moderate",BOTH,,,,
HUMBLE / RESPECTFUL,modesty,,freedom from vanity or conceit,GREG_MAT,,,,
HUMBLE / RESPECTFUL,obeisance,,"(noun, N) bowing respect, homage (noun) + humble / respectful",BOTH,,,,
HUMBLE / RESPECTFUL,overmodest,,affectedly modest or shy especially in a playful or provocative way,XLSX,,,,
HUMBLE / RESPECTFUL,self-effacing,,reluctant to draw attention to yourself,XLSX,,,,
HUMBLE / RESPECTFUL,unassuming,,not arrogant or presuming,XLSX,,,,
HUMBLE / RESPECTFUL,unpretentiousness,,the quality of being natural and without pretensions,XLSX,,,,
HUMOR / JOKING,comical,,arousing or provoking laughter,XLSX,,,,
HUMOR / JOKING,droll,,"(adj, +ve) amusingly odd + humor / joking",PDF,,,,
HUMOR / JOKING,drollery,,a comic incident or series of incidents,GREG_MAT,,,,
HUMOR / JOKING,drollness,,humor; joking,XLSX,,,,
HUMOR / JOKING,facetious,,"(adj, -ve) inappropriately flippant + humor / joking",BOTH,,,,
HUMOR / JOKING,humor,,a message whose ingenuity or verbal skill or incongruity has the power to evoke laughter,XLSX,,,,
HUMOR / JOKING,levity,,"(noun, N) lightness (can be inappropriate) + humor / joking",BOTH,,,,
HUMOR / JOKING,raillery,,"(noun, +ve) good-natured teasing",BOTH,,,,
HYPOTHETICAL / ABSTRACT,abstract,,"(adj/noun, N) theoretical, conceptual (not concrete)",BOTH,,,,
HYPOTHETICAL / ABSTRACT,anticipate,,regard something as probable or likely,XLSX,,,,
HYPOTHETICAL / ABSTRACT,assumption,,a statement that is assumed to be true and from which a conclusion can be drawn,XLSX,,,,
HYPOTHETICAL / ABSTRACT,envisage,,form a mental image of something that is not present or that is not the case,XLSX,,,,
HYPOTHETICAL / ABSTRACT,foresee,,realize beforehand,XLSX,,,,
HYPOTHETICAL / ABSTRACT,hypothesis,,a proposal intended to explain certain facts or observations,XLSX,,,,
HYPOTHETICAL / ABSTRACT,premise,,a statement that is assumed to be true and from which a conclusion can be drawn,XLSX,,,,
HYPOTHETICAL / ABSTRACT,presumption,,an assumption that is taken for granted,XLSX,,,,
HYPOTHETICAL / ABSTRACT,presuppose,,take for granted or as a given; suppose beforehand,XLSX,,,,
ILLNESS / DECLINE,decadence,,the state of being degenerate in mental or moral qualities,XLSX,,,,
ILLNESS / DECLINE,decadent,,"(adj, -ve) self-indulgently declining in morals",BOTH,,,,
ILLNESS / DECLINE,degeneracy,,the state of being degenerate in mental or moral qualities,XLSX,,,,
ILLNESS / DECLINE,degenerative,,(of illness) marked by gradual deterioration of organs and cells along with loss of function,XLSX,,,,
ILLNESS / DECLINE,demise,,the time when something ends,XLSX,,,,
ILLNESS / DECLINE,deterioration,,a symptom of reduced quality or strength,XLSX,,,,
ILLNESS / DECLINE,malady,,any unwholesome or desperate condition,XLSX,,,,
ILLNESS / DECLINE,plague,,a serious (sometimes fatal) infection of rodents caused by Yersinia pestis and accidentally transmitted to humans by the bite of a flea that has bitten an infected animal,XLSX,,,,
ILLNESS / DECLINE,senescence,,the organic process of growing older and showing the effects of increasing age,XLSX,,,,
IMAGINARY / ILLUSORY,chimera,,(Greek mythology) fire-breathing female monster with a lion's head and a goat's body and a serpent's tail; daughter of Typhon,XLSX,,,,
IMAGINARY / ILLUSORY,chimerical,,being or relating to or like a chimera; - Douglas Bush,XLSX,,,,
IMAGINARY / ILLUSORY,delusive,,inappropriate to reality or facts,XLSX,,,,
IMAGINARY / ILLUSORY,ethereal,,characterized by lightness and insubstantiality; as impalpable or intangible as air; - Thomas Carlyle,XLSX,,,,
IMAGINARY / ILLUSORY,fanciful,,"(adj, N) imaginatively whimsical, unrealistic",BOTH,,,,
IMAGINARY / ILLUSORY,fantasy,,imagination unrestricted by reality,XLSX,,,,
IMAGINARY / ILLUSORY,far-fetched,,imaginary; illusory,XLSX,,,,
IMAGINARY / ILLUSORY,illusory,,"(adj, -ve) deceptively unreal",BOTH,,,,
IMAGINARY / ILLUSORY,impalpable,,incapable of being perceived by the senses especially the sense of touch; - James Jeans,XLSX,,,,
IMAGINARY / ILLUSORY,quixotic,,"(adj, N) impractically idealistic (noble but doomed)",BOTH,,,,
IMITATE,ape,,any of various primates with short tails or no tail at all,XLSX,,,,
IMITATE,derivative,,"(adj, -ve) unoriginal, merely copied",BOTH,,,,
IMITATE,echo,,the repetition of a sound resulting from reflection of the sound waves,XLSX,,,,
IMITATE,emulate,,"(verb, +ve) admiringly, to match + imitate",BOTH,,,,
IMITATE,emulation,,ambition to equal or excel,XLSX,,,,
IMITATE,imitable,,imitate; mimic,XLSX,,,,
IMITATE,imitate,,reproduce someone's behavior or looks,XLSX,,,,
IMITATE,inimitable,,defying imitation; matchless,XLSX,,,,
IMITATE,mimic,,"(verb/noun, N) copy exactly + imitate",BOTH,,,,
IMITATE,mirror,,polished surface that forms images by reflecting light,XLSX,,,,
IMITATE,pastiche,,"(noun, N) an imitative medley of styles",BOTH,,,,
IMITATE,replicate,,bend or turn backward,XLSX,,,,
IMMATURE,callow,,"(adj, -ve) inexperiencedly + immature",BOTH,,,,
IMMATURE,jejune,,lacking in nutritive value,XLSX,,,,
IMMATURE,juvenile,,"a young person, not fully developed",XLSX,,,,
IMMATURE,puerile,,"(adj, -ve) childishly silly + immature",BOTH,,,,
IMPAIR / DAMAGE,blemish,,a mark or flaw that spoils the appearance of something (especially on a person's body),XLSX,,,,
IMPAIR / DAMAGE,detriment,,a damage or loss,XLSX,,,,
IMPAIR / DAMAGE,fault,,a wrong action attributable to bad judgment or ignorance or inattention,XLSX,,,,
IMPEDE / HINDER,counterforces,,impede; hinder,XLSX,,,,
IMPEDE / HINDER,impair,,"(verb, -ve) damage + weaken",BOTH,,,,
IMPEDE / HINDER,impediment,,"(noun, -ve) an obstacle (noun) + obstruct / hinder",BOTH,,,,
IMPLIED / UNSPOKEN,implicit,,"(adj, N) built-in + implied / unspoken",PDF,,,,
IMPLIED / UNSPOKEN,tacit,,"(adj, N) silently understood + implied / unspoken",PDF,,,,
IMPLIED / UNSPOKEN,understood,,know and comprehend the nature or meaning of,XLSX,,,,
IMPOSSIBLE,incommensurable,,impossible to measure or compare in value or size or excellence,XLSX,,,,
IMPOSSIBLE,irreplaceable,,impossible to replace,XLSX,,,,
IMPOSSIBLE,irresistible,,impossible to resist; overpowering,XLSX,,,,
IMPROPER,impropriety,,an improper demeanor,XLSX,,,,
IMPROPER,inappropriate,,not suitable for a particular occasion etc,XLSX,,,,
IMPROPER,indecorous,,"(adj, -ve) unseemlily + improper",BOTH,,,,
IMPROPER,unseemly,,"(adj, -ve) indecently + improper",PDF,,,,
IMPROPER,untoward,,not in keeping with accepted standards of what is right or proper in polite society,XLSX,,,,
IMPROVE,ameliorable,,improve,XLSX,,,,
IMPROVE,ameliorate,,"(verb, +ve) make (a bad situation) better + improve",BOTH,,,,
IMPROVE,enhance,,increase,XLSX,,,,
IMPROVE,improve,,to make better,XLSX,,,,
IMPROVE,improvement,,a change for the better; progress in development,XLSX,,,,
IMPROVE,refine,,"(verb, +ve) polish, purify + improve",BOTH,,,,
IMPROVISED,ad hoc,,"(adj, N) for-this-purpose + improvised",PDF,,,,
IMPROVISED,extemporaneous,,with little or no preparation or forethought,GREG_MAT,,,,
IMPROVISED,extemporize,,"(verb, N) perform unrehearsed + improvised",PDF,,,,
IMPROVISED,improvisation,,a creation spoken or written or composed extemporaneously (without prior preparation),XLSX,,,,
IMPROVISED,improvise,,"(verb/noun, N) make up on the spot + improvised",BOTH,,,,
IMPROVISED,makeshift,,"(adj/noun, -ve) crudely temporary + improvised",PDF,,,,
IMPULSIVE / RASH,hastily,,in a hurried or hasty manner,XLSX,,,,
IMPULSIVE / RASH,hasty,,excessively quick,XLSX,,,,
IMPULSIVE / RASH,heedlessly,,without care or concern,XLSX,,,,
IMPULSIVE / RASH,impatient,,restless or short-tempered under delay or opposition,XLSX,,,,
IMPULSIVE / RASH,impetuosity,,rash impulsiveness,GREG_MAT,,,,
IMPULSIVE / RASH,impetuous,,"(adj, -ve) impulsively + reckless / rash",BOTH,,,,
IMPULSIVE / RASH,imprudent,,not prudent or wise; ; - A.M.Schlesinger,XLSX,,,,
IMPULSIVE / RASH,impulsive,,"(adj, -ve) without thinking + reckless / rash",BOTH,,,,
IMPULSIVE / RASH,impulsively,,in an impulsive or impetuous way; without taking cautions,XLSX,,,,
IMPULSIVE / RASH,impulsiveness,,the trait of acting suddenly on impulse without reflection,XLSX,,,,
IMPULSIVE / RASH,injudicious,,lacking or showing lack of judgment or discretion; unwise,XLSX,,,,
IMPULSIVE / RASH,reckless,,marked by defiant disregard for danger or consequences; ; -Macaulay,XLSX,,,,
IMPULSIVE / RASH,spontaneity,,the quality of being spontaneous and coming from natural feelings without constraint,XLSX,,,,
INACTIVE / DORMANT,abeyant,,inactive but capable of becoming active,XLSX,,,,
INACTIVE / DORMANT,dormant,,"(adj, N) sleeping, waiting + inactive / dormant",BOTH,,,,
INACTIVE / DORMANT,inert,,unable to move or resist motion,XLSX,,,,
INACTIVE / DORMANT,inertia,,a disposition to remain inactive or inert,XLSX,,,,
INACTIVE / DORMANT,inertial,,of or relating to inertia,XLSX,,,,
INACTIVE / DORMANT,moribund,,not growing or changing; without force or vitality,XLSX,,,,
INACTIVE / DORMANT,passive,,"(adj, -ve) submissively + inactive / dormant",BOTH,,,,
INACTIVE / DORMANT,passivity,,the trait of remaining inactive; a lack of initiative,XLSX,,,,
INACTIVE / DORMANT,quiescence,,a state of quiet (but possibly temporary) inaction,XLSX,,,,
INACTIVE / DORMANT,quiescent,,"(adj, N) quietly at rest + inactive / dormant",BOTH,,,,
INACTIVE / DORMANT,stagnant,,not circulating or flowing,XLSX,,,,
INACTIVE / DORMANT,stagnate,,stand still,XLSX,,,,
INACTIVE / DORMANT,stagnation,,a state of inactivity (in business or art etc),XLSX,,,,
INACTIVE / DORMANT,stasis,,an abnormal state in which the normal flow of a liquid (such as blood) is slowed or stopped,XLSX,,,,
INACTIVE / DORMANT,static,,a crackling or hissing noise caused by electrical interference,XLSX,,,,
INAPPROPRIATE / UNTIMELY,impolitic,,"(adj, -ve) unwisely tactless",BOTH,,,,
INAPPROPRIATE / UNTIMELY,inopportune,,not opportune,XLSX,,,,
INCAPABLE,inexplicable,,incapable of being explained or accounted for,XLSX,,,,
INCAPABLE,irreducible,,incapable of being made smaller or simpler,XLSX,,,,
INCAPABLE,untenable,,(of theories etc) incapable of being defended or justified,XLSX,,,,
INCOMPETENT / INEPT,flaw,,an imperfection in an object or machine,XLSX,,,,
INCOMPETENT / INEPT,inadequacy,,lack of an adequate quantity or number,XLSX,,,,
INCOMPETENT / INEPT,inadequate,,lacking the requisite qualities or resources to meet a task,XLSX,,,,
INCOMPETENT / INEPT,incompetence,,lack of physical or intellectual ability or qualifications,XLSX,,,,
INCOMPETENT / INEPT,mediocre,,moderate to inferior in quality,XLSX,,,,
INCOMPETENT / INEPT,mediocrity,,ordinariness as a consequence of being average and not outstanding,XLSX,,,,
INCOMPETENT / INEPT,shortcoming,,a failing or deficiency,XLSX,,,,
INCREASE,aggrandize,,"(verb, -ve) inflate (esp. oneself) + increase",BOTH,,,,
INCREASE,amplify,,"(verb, N) expand, magnify + increase",BOTH,,,,
INCREASE,augment,,"(verb, N) add to, enlarge + increase",BOTH,,,,
INCREASE,augmentation,,the amount by which something increases,XLSX,,,,
INCREASE,escalate,,"(verb, N) step up, intensify + increase",BOTH,,,,
INCREASE,intensify,,increase in extent or intensity,XLSX,,,,
INCREASE,magnify,,"increase in size, volume or significance",XLSX,,,,
INCREASE,proliferate,,"(verb, N) multiply rapidly + spread",BOTH,,,,
INCREASE,proliferation,,growth by the rapid multiplication of parts,XLSX,,,,
INCREASE / EXPAND,accession,,a process of increasing by addition (as to a collection or group),XLSX,,,,
INCREASE / EXPAND,accretion,,an increase by natural growth or addition,XLSX,,,,
INCREASE / EXPAND,expansionist,,of or involving or guided by expansionism,XLSX,,,,
INCREASE / EXPAND,spike,,a transient variation in voltage or current,XLSX,,,,
INCREASE / EXPAND,upsurge,,a sudden forceful flow,XLSX,,,,
INDIFFERENT,apathetic,,showing little or no emotion or animation,XLSX,,,,
INDIFFERENT,apathy,,"(noun, -ve) total lack of interest (noun) + indifferent",BOTH,,,,
INDIFFERENT,indifference,,unbiased impartial unconcern,XLSX,,,,
INDIFFERENT,indifferent,,marked by a lack of interest,XLSX,,,,
INDIFFERENT,insouciance,,the cheerful feeling you have when nothing is troubling you,XLSX,,,,
INDIFFERENT,nonchalance,,the trait of remaining calm and seeming not to care; a casual lack of concern,XLSX,,,,
INDIFFERENT,nonchalant,,"(adj, N) casually, coolly + indifferent",PDF,,,,
INEVITABILITY / DESTINY,destiny,,an event (or a course of events) that will inevitably happen in the future,XLSX,,,,
INEVITABILITY / DESTINY,futurity,,the time yet to come,XLSX,,,,
INEVITABILITY / DESTINY,inevitability,,the quality of being unavoidable,XLSX,,,,
INEVITABILITY / DESTINY,inevitable,,an unavoidable event,XLSX,,,,
INFLUENCE,prestige,,a high standing achieved through success or influence or wealth etc.,XLSX,,,,
INFLUENCE,sway,,controlling influence,XLSX,,,,
INFORM / NOTIFY,apprisal,,informing by words,GREG_MAT,,,,
INFORM / NOTIFY,apprise,,"(verb, N) formally + inform / notify",PDF,,,,
INFORM / NOTIFY,inform,,"(verb, N) simply + inform / notify",PDF,,,,
INITIATE / BEGIN,commencement,,the time at which something is supposed to begin,GREG_MAT,,,,
INITIATE / BEGIN,found,,food and lodging provided in addition to money,XLSX,,,,
INITIATE / BEGIN,inception,,an event that is a beginning; a first part or stage of subsequent events,XLSX,,,,
INITIATE / BEGIN,launch,,a motorboat with an open deck or a half deck,XLSX,,,,
INITIATE / BEGIN,onset,,the beginning or early stages,XLSX,,,,
INITIATE / BEGIN,originate,,come into existence; take on form or shape,XLSX,,,,
INITIATE / BEGIN,spearhead,,someone who leads or initiates an activity (attack or campaign etc.),XLSX,,,,
INNOCENT / NAIVE,artless,,"(adj, +ve) naturally, without guile + innocent / naive",PDF,,,,
INNOCENT / NAIVE,artlessness,,the quality of innocent naivete,XLSX,,,,
INNOCENT / NAIVE,credulity,,tendency to believe readily,XLSX,,,,
INNOCENT / NAIVE,credulous,,disposed to believe on little evidence,XLSX,,,,
INNOCENT / NAIVE,guilelessness,,innocent; naive,XLSX,,,,
INNOCENT / NAIVE,gullible,,"(adj, -ve) easily fooled + innocent / naive",BOTH,,,,
INNOCENT / NAIVE,ingenuous,,"(adj, +ve) charmingly, honestly + innocent / naive",BOTH,,,,
INNOCENT / NAIVE,ingenuousness,,the quality of innocent naivete,XLSX,,,,
INNOCENT / NAIVE,naive,,"(adj, -ve) gullibly + innocent / naive",PDF,,,,
INNOCENT / NAIVE,naivete,,lack of sophistication or worldliness,GREG_MAT,,,,
INNOCENT / NAIVE,naivety,,lack of sophistication or worldliness,XLSX,,,,
INNOCENT / NAIVE,naiveté,,innocent; naive,XLSX,,,,
INNOCENT / NAIVE,naïve,,a silvery soft waxy metallic element of the alkali metal group; occurs abundantly in natural compounds (especially in salt water); burns with a yellow flame and reacts violently in water; occurs in sea water and in the mineral halite (rock salt),XLSX,,,,
INNOCENT / NAIVE,naïveté,,a doctor who practices veterinary medicine,XLSX,,,,
INSCRUTABLE / UNKNOWABLE,imperceptible,,impossible or difficult to perceive by the mind or senses,XLSX,,,,
INSCRUTABLE / UNKNOWABLE,inscrutable,,"(adj, N) unreadably + mysterious",PDF,,,,
INSTRUCTIVE,didactic,,"(adj, -ve) preachily moralizing + instructive",BOTH,,,,
INSTRUCTIVE,didacticism,,communication that is suitable for or intended to be instructive,XLSX,,,,
INSTRUCTIVE,edify,,"(verb, +ve) uplift by instruction (verb) + instructive",BOTH,,,,
INSTRUCTIVE,enlighten,,make understand,XLSX,,,,
INSTRUCTIVE,hortatory,,giving strong encouragement,XLSX,,,,
INSTRUCTIVE,instructive,,serving to instruct or enlighten or inform,XLSX,,,,
INSTRUCTIVE,moralistic,,narrowly and conventionally moral,XLSX,,,,
INSTRUCTIVE,moralize,,interpret the moral meaning of,XLSX,,,,
INSTRUCTIVE,preachy,,inclined to or marked by tedious moralization,XLSX,,,,
INSTRUCTIVE,sententious,,abounding in or given to pompous or aphoristic moralizing; - Kathleen Barnes,XLSX,,,,
INSULT / OFFENSE,affront,,"(noun/verb, -ve) a deliberate + insult / offense",PDF,,,,
INSULT / OFFENSE,insult,,a rude expression intended to offend or hurt,XLSX,,,,
INSULT / OFFENSE,offense,,a lack of politeness; a failure to show regard for others; wounding the feelings or others,XLSX,,,,
INSULT / OFFENSE,slight,,"(verb/adj, N) minor, small + tiny | also: an insult, snub",BOTH,,,,
INSULT / OFFENSE,snub,,an instance of driving away or warding off,XLSX,,,,
INSULT / OFFENSE,umbrage,,"(noun, -ve) offense taken (take umbrage) + insult / offense",BOTH,,,,
INTERPRET,construe,,"(verb, N) understand in a certain way + interpret",PDF,,,,
INTERPRET,decipher,,"(verb, N) decode + interpret",BOTH,,,,
INTERPRET,decode,,convert code into ordinary language,XLSX,,,,
INTERPRET,exegesis,,"(noun, N) scholarly critical interpretation (noun) + interpret",PDF,,,,
INTERPRET,interpret,,make sense of; assign a meaning to,XLSX,,,,
INTERPRET,interpretation,,a mental representation of the meaning or significance of something,XLSX,,,,
INTERPRET,parse,,analyze syntactically by assigning a constituent structure to (a sentence),XLSX,,,,
INTRINSIC / INBORN,atavistic,,characteristic of an atavist,XLSX,,,,
INTRINSIC / INBORN,inborn,,"(adj, N) innate, natural from birth",BOTH,,,,
INTRINSIC / INBORN,inherent,,existing as an essential constituent or characteristic,XLSX,,,,
INTRINSIC / INBORN,innate,,not established by conditioning or learning,XLSX,,,,
INTRINSIC / INBORN,instinctive,,unthinking; prompted by (or as if by) instinct,XLSX,,,,
INTRINSIC / INBORN,instinctively,,as a matter of instinct,XLSX,,,,
INTRINSIC / INBORN,intrinsic,,"(adj, N) inherently built-in + essential",BOTH,,,,
INTRINSIC / INBORN,intrinsically,,with respect to its inherent nature,XLSX,,,,
INTRINSIC / INBORN,intuitive,,"(adj, +ve) instinctively + perceptive / insightful",BOTH,,,,
INTRINSIC / INBORN,native,,an indigenous person who was born in a particular place,XLSX,,,,
INTRINSIC / INBORN,natural,,someone regarded as certain to succeed,XLSX,,,,
INTRUDE,encroach,,"(verb, -ve) creep onto others' territory + intrude",PDF,,,,
INTRUDE,incursion,,the act of entering some territory or domain (often in large numbers),XLSX,,,,
INTRUDE,intrude,,enter uninvited,XLSX,,,,
INTRUDE,invasive,,"(adj, -ve) intrusively spreading + intrude",PDF,,,,
INVENT / CREATE,coin,,"(verb/noun, N) (a new term) + invent / create",PDF,,,,
INVENT / CREATE,concoct,,make a concoction (of) by mixing,XLSX,,,,
INVENT / CREATE,contrive,,make or work out a plan for; devise,XLSX,,,,
INVENT / CREATE,fabricate,,"(verb, -ve) falsely, lie-buildingly + invent / create",BOTH,,,,
INVENT / CREATE,invent,,"come up with (an idea, plan, explanation, theory, or principle) after a mental effort",XLSX,,,,
INVENT / CREATE,manufacture,,the organized action of making of goods and services for sale,XLSX,,,,
IRREFUTABLE / UNDENIABLE,axiomatic,,"(adj, N) self-evidently true, taken as given",PDF,,,,
IRREFUTABLE / UNDENIABLE,definitive,,clearly defined or formulated; - R.B.Taney,XLSX,,,,
IRREFUTABLE / UNDENIABLE,indisputable,,not open to question; obviously true,XLSX,,,,
IRREFUTABLE / UNDENIABLE,indubitable,,too obvious to be doubted,XLSX,,,,
IRREFUTABLE / UNDENIABLE,irrefutable,,impossible to deny or disprove,XLSX,,,,
IRREFUTABLE / UNDENIABLE,unassailable,,immune to attack; incapable of being tampered with,XLSX,,,,
IRREFUTABLE / UNDENIABLE,unequivocal,,admitting of no doubt or misunderstanding; having only one meaning or interpretation and leading to only one conclusion,XLSX,,,,
IRREFUTABLE / UNDENIABLE,unimpeachable,,beyond doubt or reproach,XLSX,,,,
IRREGULAR / ON-AND-OFF,cyclical,,recurring in cycles,XLSX,,,,
IRREGULAR / ON-AND-OFF,fitful,,"(adj, -ve) restlessly + irregular / on-and-off",PDF,,,,
IRREGULAR / ON-AND-OFF,intermittent,,"(adj, N) periodically + irregular / on-and-off",PDF,,,,
IRREGULAR / ON-AND-OFF,irregular,,a member of an irregular armed force that fights a stronger force by sabotage and harassment,XLSX,,,,
IRREGULAR / ON-AND-OFF,sporadic,,"(adj, N) occasionally + irregular / on-and-off",BOTH,,,,
IRRITABLE,cantankerous,,stubbornly obstructive and unwilling to cooperate; - Spectator,XLSX,,,,
IRRITABLE,captious,,"(adj, -ve) nitpickingly fault-finding + irritable",BOTH,,,,
IRRITABLE,choleric,,easily moved to anger; - H.G.Wells,XLSX,,,,
IRRITABLE,irascibility,,a feeling of resentful anger,XLSX,,,,
IRRITABLE,irascible,,"(adj, -ve) hot-temperedly + irritable",BOTH,,,,
IRRITABLE,petulance,,an irritable petulant feeling,GREG_MAT,,,,
IRRITABLE,petulant,,"(adj, -ve) childishly sulky + irritable",PDF,,,,
IRRITATE / ANNOY,annoyance,,the psychological state of being irritated or annoyed,XLSX,,,,
IRRITATE / ANNOY,bitterness,,a feeling of deep and bitter anger and ill-will,XLSX,,,,
IRRITATE / ANNOY,chagrin,,"(noun/verb, -ve) embarrassed distress at failure",BOTH,,,,
IRRITATE / ANNOY,exasperate,,exasperate or irritate,XLSX,,,,
IRRITATE / ANNOY,exasperation,,an exasperated feeling of annoyance,XLSX,,,,
IRRITATE / ANNOY,gall,,an open sore on the back of a horse caused by ill-fitting or badly adjusted saddle,XLSX,,,,
IRRITATE / ANNOY,infuriate,,make furious,XLSX,,,,
IRRITATE / ANNOY,irritation,,the psychological state of being irritated or annoyed,XLSX,,,,
IRRITATE / ANNOY,resentment,,a feeling of deep and bitter anger and ill-will,XLSX,,,,
IRRITATE / ANNOY,rile,,"cause annoyance in; disturb, especially by minor irritations",XLSX,,,,
IRRITATE / ANNOY,seethe,,be noisy with activity,XLSX,,,,
IRRITATE / ANNOY,simmer,,temperature just below the boiling point,XLSX,,,,
KEEN INSIGHT,acumen,,"(noun, +ve) sharp practical + keen insight",BOTH,,,,
KEEN INSIGHT,discernment,,the cognitive condition of someone who understands,XLSX,,,,
KEEN INSIGHT,perspicacity,,intelligence manifested by being astute (as in business dealings),XLSX,,,,
KIND / CHARITABLE,altruism,,the quality of unselfish concern for the welfare of others,XLSX,,,,
KIND / CHARITABLE,altruistic,,"(adj, +ve) selflessly + generous",BOTH,,,,
KIND / CHARITABLE,beneficence,,doing good; feeling beneficent,XLSX,,,,
KIND / CHARITABLE,benevolence,,disposition to do good,XLSX,,,,
KIND / CHARITABLE,benevolent,,"(adj, +ve) well-wishingly + kind / charitable",BOTH,,,,
KIND / CHARITABLE,kindness,,the quality of being warmhearted and considerate and humane and sympathetic,XLSX,,,,
KIND / CHARITABLE,magnanimity,,liberality in bestowing gifts; extremely liberal and generous of spirit,XLSX,,,,
LACKING,bereft,,"(adj, -ve) grievingly deprived + lacking",PDF,,,,
LACKING,wanting,,"(adj, -ve) deficiently + lacking",PDF,,,,
LAMENT / GRIEVE,deject,,lower someone's spirits; make downhearted,XLSX,,,,
LAMENT / GRIEVE,demoralize,,corrupt morally or by intemperance or sensuality,XLSX,,,,
LAMENT / GRIEVE,depress,,lower someone's spirits; make downhearted,XLSX,,,,
LAMENT / GRIEVE,despair,,a state in which all hope is lost or absent,XLSX,,,,
LAMENT / GRIEVE,desperation,,a state in which all hope is lost or absent,XLSX,,,,
LAMENT / GRIEVE,dishearten,,take away the enthusiasm of,XLSX,,,,
LAMENT / GRIEVE,languish,,"(verb, -ve) weaken, wither in neglect",BOTH,,,,
LAMENT / GRIEVE,regret,,sadness associated with some wrong done or some disappointment,XLSX,,,,
LAMENT / GRIEVE,regrettable,,deserving regret,XLSX,,,,
LAMENT / GRIEVE,resignation,,acceptance of despair,XLSX,,,,
LASTING,durability,,permanence by virtue of the power to resist stress or force,XLSX,,,,
LASTING,durable,,existing for a long time,XLSX,,,,
LASTING,entrenched,,"(adj, N) dug-in, firmly established + lasting",PDF,,,,
LASTING,incessant,,"(adj, -ve) ceaselessly (annoyingly nonstop) + lasting",PDF,,,,
LASTING,perennial,,"(adj, +ve) enduringly recurring + lasting",BOTH,,,,
LASTING,permanency,,the property of being able to exist for an indefinite duration,XLSX,,,,
LASTING,permanent,,a series of waves in the hair made by applying heat and chemicals,XLSX,,,,
LAZY / SLUGGISH,indolence,,inactivity resulting from a dislike of work,XLSX,,,,
LAZY / SLUGGISH,indolent,,"(adj, -ve) habitually idle + lazy / sluggish",BOTH,,,,
LAZY / SLUGGISH,languid,,"(adj, N) dreamily slow (can be elegant) + lazy / sluggish",PDF,,,,
LAZY / SLUGGISH,lassitude,,"(noun, -ve) weary, drained (noun) + lazy / sluggish",PDF,,,,
LAZY / SLUGGISH,lethargic,,"(adj, -ve) energy-drained + lazy / sluggish",BOTH,,,,
LAZY / SLUGGISH,lethargy,,a state of comatose torpor (as found in sleeping sickness),XLSX,,,,
LAZY / SLUGGISH,plodding,,"(adj, -ve) tediously slow + lazy / sluggish",PDF,,,,
LAZY / SLUGGISH,sloth,,a disinclination to work or exert yourself,XLSX,,,,
LAZY / SLUGGISH,sluggish,,"(adj, -ve) slowly + lazy / sluggish",BOTH,,,,
LAZY / SLUGGISH,sluggishness,,a state of comatose torpor (as found in sleeping sickness),GREG_MAT,,,,
LAZY / SLUGGISH,torpor,,"(noun, -ve) deep, dormant (noun) + lazy / sluggish",BOTH,,,,
LEARNED,cerebral,,"(adj, N) intellectually brainy (can feel bloodless) + learned",PDF,,,,
LEARNED,erudite,,"(adj, +ve) deeply scholarly + learned",BOTH,,,,
LEARNED,erudition,,profound scholarly knowledge,XLSX,,,,
LEARNED,polymath,,"(noun, +ve) an expert across many fields",BOTH,,,,
LEARNED,polymathic,,learned,XLSX,,,,
LEARNED,scholar,,a learned person (especially in the humanities); someone who by long study has gained mastery in one or more disciplines,XLSX,,,,
LEGAL,judgement,,the legal document stating the reasons for a judicial decision,XLSX,,,,
LEGAL,legitimize,,make legal,XLSX,,,,
LEGAL,liability,,"(noun, -ve) a drawback, burden | legal obligation",BOTH,,,,
LEISURELY / RESTFUL,recreation,,an activity that diverts or amuses or stimulates,XLSX,,,,
LEISURELY / RESTFUL,relief,,the feeling that comes when something burdensome is removed or reduced,XLSX,,,,
LEISURELY / RESTFUL,respite,,a (temporary) relief from harm or discomfort,XLSX,,,,
LEWD,bawdy,,"(adj, -ve) crudely humorous + lewd",PDF,,,,
LEWD,prurient,,"(adj, -ve) lustfully + lewd",PDF,,,,
LEWD,salacious,,characterized by lust,XLSX,,,,
LIKENESS / RESEMBLANCE,congruent,,corresponding in character or kind,XLSX,,,,
LIKENESS / RESEMBLANCE,correspond,,"be compatible, similar or consistent; coincide in their characteristics",XLSX,,,,
LIKENESS / RESEMBLANCE,liken,,"consider or describe as similar, equal, or analogous",XLSX,,,,
LIKENESS / RESEMBLANCE,match,,lighter consisting of a thin piece of wood or cardboard tipped with combustible chemical; ignites with friction,XLSX,,,,
LIKENESS / RESEMBLANCE,reminiscent,,serving to bring to mind; - Wilder Hobson,XLSX,,,,
LIKENESS / RESEMBLANCE,resemblance,,similarity in appearance or external or superficial details,XLSX,,,,
LIKENESS / RESEMBLANCE,resemble,,appear like; be similar or bear a likeness to,XLSX,,,,
LIKENESS / RESEMBLANCE,similarity,,the quality of being similar,XLSX,,,,
LOGICAL,coherent,,"(adj, +ve) consistently + logical",BOTH,,,,
LOGICAL,logical,,capable of or reflecting the capability for correct and valid reasoning,XLSX,,,,
LOGICAL,rational,,"(adj, +ve) reasonably + logical",BOTH,,,,
LOGICAL,rationality,,the state of having good sense and sound judgment,GREG_MAT,,,,
LOGICAL,sound,,"(adj/noun, +ve) healthy, valid, solid | a noise",BOTH,,,,
LOGICAL,valid,,well grounded in logic or truth or having legal force,XLSX,,,,
LOUD / NOISY,boisterous,,"(adj, N) rowdily energetic (often fun) + loud / noisy",PDF,,,,
LOUD / NOISY,boisterousness,,a turbulent and stormy state of the sea,XLSX,,,,
LOUD / NOISY,cacophonous,,"(adj, -ve) harshly discordant + loud / noisy",PDF,,,,
LOUD / NOISY,clamorous,,"(adj, -ve) insistently + loud / noisy",BOTH,,,,
LOUD / NOISY,clangor,,"(noun, -ve) harsh clanging (noun) + loud / noisy",PDF,,,,
LOUD / NOISY,clangorous,,having a loud resonant metallic sound,GREG_MAT,,,,
LOUD / NOISY,obstreperous,,"(adj, -ve) unrulily + loud / noisy",PDF,,,,
LOUD / NOISY,riotous,,produced or growing in extreme abundance,XLSX,,,,
LOUD / NOISY,shriek,,sharp piercing cry,XLSX,,,,
LOUD / NOISY,shrill,,"(adj, -ve) piercingly high-pitched + loud / noisy",PDF,,,,
LOUD / NOISY,vociferous,,"(adj, N) vehemently outspoken + loud / noisy",BOTH,,,,
LUCKY / FORTUNATE,fortuitous,,"(adj, +ve) by happy chance + lucky / fortunate",PDF,,,,
LUCKY / FORTUNATE,providential,,"(adj, +ve) as if heaven-timed + lucky / fortunate",PDF,,,,
LUCKY / FORTUNATE,serendipitous,,"(adj, +ve) delightfully accidental + lucky / fortunate",PDF,,,,
LUCKY / FORTUNATE,serendipity,,good luck in making unexpected and fortunate discoveries,XLSX,,,,
MAKE SACRED / EXALT,anoint,,"(verb, +ve) ceremonially designate + make sacred / exalt",PDF,,,,
MAKE SACRED / EXALT,canonize,,"(verb, +ve) officially sainthood + make sacred / exalt",PDF,,,,
MAKE SACRED / EXALT,christen,,administer baptism to,XLSX,,,,
MAKE SACRED / EXALT,deification,,the condition of being treated like a god,GREG_MAT,,,,
MAKE SACRED / EXALT,deify,,"(verb, N) worship as a god (can imply excess) + make sacred / exalt",BOTH,,,,
MAKE SACRED / EXALT,elevate,,give a promotion to or assign to a higher position,XLSX,,,,
MAKE SACRED / EXALT,hallow,,render holy by means of religious rites,XLSX,,,,
MAKE SACRED / EXALT,valorize,,sanctify; exalt,XLSX,,,,
MAKE SACRED / EXALT,venerate,,"(verb, +ve) reverently, worshipfully + praise",BOTH,,,,
MALICIOUS / CRUEL,malevolent,,"(adj, -ve) spitefully evil-wishing + malicious / cruel",PDF,,,,
MALICIOUS / CRUEL,nefariousness,,the quality of being wicked,XLSX,,,,
MALICIOUS / CRUEL,sadism,,sexual pleasure obtained by inflicting harm (physical or psychological) on others,GREG_MAT,,,,
MALICIOUS / CRUEL,sadistic,,"(adj, -ve) cruelty-enjoying + malicious / cruel",PDF,,,,
MALICIOUS / CRUEL,spiteful,,showing malicious ill will and a desire to hurt; motivated by spite,XLSX,,,,
MALICIOUS / CRUEL,vengeful,,disposed to seek revenge or intended for revenge; - Shakespeare; - M.R.Cohen,XLSX,,,,
MALICIOUS / CRUEL,vicious,,(of persons or their actions) able or disposed to inflict pain or suffering,XLSX,,,,
MARGINAL / PERIPHERAL,immaterial,,of no importance or relevance especially to a law case,XLSX,,,,
MARGINAL / PERIPHERAL,incidental,,"(adj, N) minor, secondary, by-the-way",BOTH,,,,
MARGINAL / PERIPHERAL,marginal,,at or constituting a border or edge,XLSX,,,,
MARGINAL / PERIPHERAL,minimal,,the least possible,XLSX,,,,
MARGINAL / PERIPHERAL,minor,,a young person of either sex,XLSX,,,,
MARGINAL / PERIPHERAL,peripheral,,"(adj, N) marginally relevant + unnecessary / extra",BOTH,,,,
MEDDLE / INTERFERE,intercept,,the point at which a line intersects a coordinate axis,XLSX,,,,
MEDDLE / INTERFERE,meddle,,intrude in other people's affairs or business; interfere unwantedly,XLSX,,,,
MEDDLE / INTERFERE,obtrusive,,undesirably noticeable,XLSX,,,,
MELODIOUS / LYRICAL,croon,,"(verb, N) sing softly",BOTH,,,,
MELODIOUS / LYRICAL,lyrical,,suitable for or suggestive of singing,XLSX,,,,
MELODIOUS / LYRICAL,sonorous,,full and loud and deep,XLSX,,,,
MELODIOUS / LYRICAL,warble,,a lumpy abscess under the hide of domestic mammals caused by larvae of a botfly or warble fly,XLSX,,,,
MERGE / COMBINE,agglomerate,,volcanic rock consisting of large fragments fused together,XLSX,,,,
MERGE / COMBINE,amalgamate,,"(verb, N) blend into one + merge / combine",PDF,,,,
MERGE / COMBINE,cluster,,"(noun/verb, N) a tight group, bunch",BOTH,,,,
MERGE / COMBINE,coalesce,,"(verb, N) naturally grow together + merge / combine",BOTH,,,,
MERGE / COMBINE,conflate,,mix together different elements,XLSX,,,,
MERGE / COMBINE,consolidate,,unite into one,XLSX,,,,
MERGE / COMBINE,incorporate,,make into a whole or make part of a whole,XLSX,,,,
MERGE / COMBINE,integrate,,make into a whole or make part of a whole,XLSX,,,,
MERGE / COMBINE,meld,,a form of rummy using two decks of cards and four jokers; jokers and deuces are wild; the object is to form groups of the same rank,XLSX,,,,
MERGE / COMBINE,synthesis,,the process of producing a chemical compound (usually by the union of simpler chemical compounds),XLSX,,,,
MERGE / COMBINE,synthesize,,"combine so as to form a more complex, product",XLSX,,,,
MERGE / COMBINE,unify,,become one,XLSX,,,,
METICULOUS / CAREFUL,conscientious,,characterized by extreme care and great effort,XLSX,,,,
METICULOUS / CAREFUL,fastidious,,"(adj, N) fussily (hard to please) + meticulous / careful",BOTH,,,,
METICULOUS / CAREFUL,methodical,,characterized by method and orderliness,XLSX,,,,
METICULOUS / CAREFUL,meticulous,,"(adj, +ve) precisely + meticulous / careful",BOTH,,,,
METICULOUS / CAREFUL,painstaking,,"(adj, +ve) with great effort + meticulous / careful",PDF,,,,
METICULOUS / CAREFUL,painstakingly,,in a fastidious and painstaking manner,XLSX,,,,
METICULOUS / CAREFUL,punctilious,,"(adj, N) precise about tiny formalities + meticulous / careful",BOTH,,,,
METICULOUS / CAREFUL,scrupulous,,"(adj, +ve) principled, precisely + honest",BOTH,,,,
MISLEAD / DECEIVE,charlatan,,a flamboyant deceiver; one who attracts customers with tricks or jokes,XLSX,,,,
MISLEAD / DECEIVE,disinformation,,misinformation that is deliberately disseminated in order to influence or confuse rivals (foreign enemies or business competitors etc.),XLSX,,,,
MISLEAD / DECEIVE,dissemblance,,mislead; deceive,XLSX,,,,
MISLEAD / DECEIVE,feign,,"(verb, -ve) pretend, fake (an emotion, illness)",BOTH,,,,
MISLEAD / DECEIVE,flummery,,a bland custard or pudding especially of oatmeal,XLSX,,,,
MISLEAD / DECEIVE,plagiarism,,a piece of writing that has been copied from someone else and is presented as being your own work,XLSX,,,,
MISLEAD / DECEIVE,pretend,,the enactment of a pretense,XLSX,,,,
MISLEAD / DECEIVE,pretense,,the act of giving a false appearance,XLSX,,,,
MISLEAD / DECEIVE,quackery,,medical practice and advice based on observation and experience in ignorance of scientific findings,XLSX,,,,
MISLEAD / DECEIVE,sophist,,any of a group of Greek philosophers and teachers in the 5th century BC who speculated on a wide range of subjects,XLSX,,,,
MISLEADING / SPECIOUS,erroneous,,containing or characterized by error,XLSX,,,,
MISLEADING / SPECIOUS,erroneousness,,inadvertent incorrectness,XLSX,,,,
MISLEADING / SPECIOUS,fallacious,,"(adj, -ve) based on false reasoning, misleading",BOTH,,,,
MISLEADING / SPECIOUS,fallacy,,a misconception resulting from incorrect reasoning,XLSX,,,,
MISLEADING / SPECIOUS,falsehood,,a false statement,XLSX,,,,
MISLEADING / SPECIOUS,falsity,,the state of being false or untrue,XLSX,,,,
MISLEADING / SPECIOUS,meretricious,,like or relating to a prostitute,XLSX,,,,
MISLEADING / SPECIOUS,sophistry,,"(noun, -ve) clever but false reasoning",PDF,,,,
MISREPRESENT / CONTRADICT,distort,,"(verb, -ve) twist the truth + misrepresent / contradict",BOTH,,,,
MISREPRESENT / CONTRADICT,distortion,,a change for the worse,XLSX,,,,
MISREPRESENT / CONTRADICT,misconstrue,,interpret in the wrong way,XLSX,,,,
MISREPRESENT / CONTRADICT,misrepresent,,represent falsely,XLSX,,,,
MISREPRESENT / CONTRADICT,misrepresentation,,a misleading falsehood,XLSX,,,,
MISUNDERSTAND / MISJUDGE,misapply,,apply to a wrong thing or person; apply badly or incorrectly,XLSX,,,,
MISUNDERSTAND / MISJUDGE,misapprehend,,interpret in the wrong way,XLSX,,,,
MISUNDERSTAND / MISJUDGE,mischaracterizing,,misunderstand; misjudge,XLSX,,,,
MISUNDERSTAND / MISJUDGE,misconception,,an incorrect conception,XLSX,,,,
MISUNDERSTAND / MISJUDGE,misinterpret,,interpret falsely,XLSX,,,,
MISUNDERSTAND / MISJUDGE,misinterpretation,,putting the wrong interpretation on,XLSX,,,,
MISUNDERSTAND / MISJUDGE,misjudge,,judge incorrectly,XLSX,,,,
MOCK / RIDICULE,burlesque,,a theatrical entertainment of broad and earthy humor; consists of comic skits and short turns (and sometimes striptease),XLSX,,,,
MOCK / RIDICULE,deride,,"(verb, -ve) contemptuously + mock / ridicule",BOTH,,,,
MOCK / RIDICULE,derision,,contemptuous laughter,XLSX,,,,
MOCK / RIDICULE,ironic,,humorously sarcastic or mocking,XLSX,,,,
MOCK / RIDICULE,irony,,witty language used to convey insults or scorn; ; ; --Jonathan Swift,XLSX,,,,
MOCK / RIDICULE,lampoon,,"(verb/noun, N) satirize publicly + mock / ridicule",PDF,,,,
MOCK / RIDICULE,mock,,the act of mocking or ridiculing,XLSX,,,,
MOCK / RIDICULE,mockery,,showing your contempt by derision,XLSX,,,,
MOCK / RIDICULE,parody,,"a composition that imitates or misrepresents somebody's style, usually in a humorous way",XLSX,,,,
MOCK / RIDICULE,ridicule,,language or behavior intended to mock or humiliate,XLSX,,,,
MOCK / RIDICULE,satire,,witty language used to convey insults or scorn; ; ; --Jonathan Swift,XLSX,,,,
MOCK / RIDICULE,satirical,,"(adj, N) mocking to criticize (with wit) + mock / ridicule",PDF,,,,
MODEL / IDEAL,archetypal,,representing or constituting an original type after which other similar things are patterned,XLSX,,,,
MODEL / IDEAL,archetype,,"(noun, N) the original + model / ideal",PDF,,,,
MODEL / IDEAL,epitome,,a standard or typical example,XLSX,,,,
MODEL / IDEAL,exemplar,,something to be imitated,XLSX,,,,
MODEL / IDEAL,model,,a hypothetical description of a complex entity or process,XLSX,,,,
MODEL / IDEAL,paradigm,,systematic arrangement of all the inflected forms of a word,XLSX,,,,
MODEL / IDEAL,paradigmatic,,"(adj, +ve) exemplary, textbook + model / ideal",BOTH,,,,
MODEL / IDEAL,paragon,,"(noun, +ve) the perfect + model / ideal",BOTH,,,,
MODEL / IDEAL,prototype,,a standard or typical example,XLSX,,,,
MODEL / IDEAL,prototypical,,representing or constituting an original type after which other similar things are patterned,XLSX,,,,
MODEL / IDEAL,touchstone,,a basis for comparison; a reference point against which other things can be evaluated,XLSX,,,,
MOTIVATE / ENCOURAGE,exhortation,+,strongly urging/encouraging,GREG_MAT,,,,
MOTIVATE / ENCOURAGE,hearten,,give encouragement to,XLSX,,,,
MOTIVATION / INCENTIVE,incentive,,a positive motivational influence,XLSX,,,,
MOTIVATION / INCENTIVE,motive,,the psychological feature that arouses an organism to action toward a desired goal; the reason for the action; that which gives purpose and direction to behavior,XLSX,,,,
MOURN / GRIEVE,bemoan,,regret strongly,XLSX,,,,
MOURN / GRIEVE,dirge,,"(noun, -ve) a funeral song (noun) + mourn / grieve",PDF,,,,
MOURN / GRIEVE,elegiac,,resembling or characteristic of or appropriate to an elegy,XLSX,,,,
MOURN / GRIEVE,lament,,"(verb/noun, -ve) express grief + mourn / grieve",BOTH,,,,
MOURN / GRIEVE,lamentation,,a cry of sorrow and grief,GREG_MAT,,,,
MYSTERIOUS,enigma,,something that baffles understanding and cannot be explained,XLSX,,,,
MYSTERIOUS,enigmatic,,"(adj, N) puzzlingly + mysterious",BOTH,,,,
MYSTERIOUS,mysterious,,of an obscure nature; ; ; ; - Rachel Carson,XLSX,,,,
MYSTERIOUS,mysteriousness,,mysterious,XLSX,,,,
MYSTERIOUS,uncanny,,suggesting the operation of supernatural influences; ; ; - John Galsworthy; ; - Henry Kingsley,XLSX,,,,
MYSTERIOUS,unfathomable,,of depth; not capable of being sounded or measured,XLSX,,,,
NARROW-MINDED,hidebound,,"(adj, -ve) rigidly + narrow-minded",PDF,,,,
NARROW-MINDED,insular,,"(adj, -ve) narrow-mindedly isolated + solitary / detached",BOTH,,,,
NARROW-MINDED,myopia,,(ophthalmology) eyesight abnormality resulting from the eye's faulty refractive ability; distant objects appear blurred,GREG_MAT,,,,
NARROW-MINDED,myopic,,"(adj, -ve) shortsightedly + narrow-minded",PDF,,,,
NARROW-MINDED,parochial,,"(adj, -ve) provincially + narrow-minded",BOTH,,,,
NARROW-MINDED,parochialism,,a limitation of views or interests like that defined by a local parish,XLSX,,,,
NARROW-MINDED,provincial,,"(adj, -ve) unsophisticatedly + narrow-minded",PDF,,,,
NARROW-MINDED,provincialism,,a lack of sophistication,XLSX,,,,
NARROW-MINDED,shortsighted,,lacking foresight or scope,XLSX,,,,
NARROW-MINDED,xenophobic,,"(adj, -ve) fearing/hating foreigners",BOTH,,,,
NEIGHBORING / ADJACENT,neighborhood,,a surrounding or nearby region,XLSX,,,,
NEIGHBORING / ADJACENT,proximity,,the property of being close together,XLSX,,,,
NEWLY EMERGING,embryonic,,of an organism prior to birth or hatching,XLSX,,,,
NEWLY EMERGING,emergent,,occurring unexpectedly and requiring urgent action,XLSX,,,,
NEWLY EMERGING,fledgling,,"(noun/adj, N) inexperienced, just-hatched + newly emerging",PDF,,,,
NEWLY EMERGING,inchoate,,"(adj, N) half-formed, undeveloped + newly emerging",BOTH,,,,
NEWLY EMERGING,nascent,,"(adj, N) just being born + newly emerging",PDF,,,,
NORMAL,normalcy,,being within certain limits that define the range of normal functioning,XLSX,,,,
NORMAL,sanity,,normal or sound powers of mind,XLSX,,,,
OBEDIENT,dutiful,,"(adj, +ve) conscientiously + obedient",PDF,,,,
OBEDIENT,obedience,,the act of obeying; dutiful or submissive behavior with respect to another person,XLSX,,,,
OBSCURE / HARD TO GRASP,abstruse,,"(adj, -ve) frustratingly + obscure / hard to grasp",BOTH,,,,
OBSCURE / HARD TO GRASP,arcane,,"(adj, N) mysteriously, known to few + obscure / hard to grasp",BOTH,,,,
OBSCURE / HARD TO GRASP,cryptic,,of an obscure nature; ; ; ; - Rachel Carson,XLSX,,,,
OBSCURE / HARD TO GRASP,deaden,,make vague or obscure or make (an image) less visible,XLSX,,,,
OBSCURE / HARD TO GRASP,esoteric,,"(adj, N) for specialists only + obscure / hard to grasp",BOTH,,,,
OBSCURE / HARD TO GRASP,fathomless,,obscure; hard to grasp,XLSX,,,,
OBSCURE / HARD TO GRASP,impenetrable,,"(adj, -ve) impassable | impossible to understand",BOTH,,,,
OBSCURE / HARD TO GRASP,incomprehensible,,incapable of being explained or accounted for,XLSX,,,,
OBSCURE / HARD TO GRASP,murky,,(of liquids) clouded as with sediment,XLSX,,,,
OBSCURE / HARD TO GRASP,nebulous,,lacking definite form or limits; - H.T.Moore,XLSX,,,,
OBSCURE / HARD TO GRASP,obscure,,"(adj/verb, N) make unclear + conceal / obscure | also: unclear (adj)",BOTH,,,,
OBSCURE / HARD TO GRASP,opaque,,"(adj, -ve) impossible to see through + obscure / hard to grasp | also: not transparent",BOTH,,,,
OBSCURE / HARD TO GRASP,recondite,,"(adj, -ve) deeply, academically + obscure / hard to grasp",BOTH,,,,
OBSCURE / HARD TO GRASP,soft-pedal,,play down or obscure,XLSX,,,,
OBSCURE / HARD TO GRASP,turbid,,"(adj, -ve) murkily, muddily + obscure / hard to grasp",BOTH,,,,
OBSCURE / HARD TO GRASP,turbidity,,muddiness created by stirring up sediment or having foreign particles suspended,GREG_MAT,,,,
OBSCURE / HARD TO GRASP,unintelligible,,"poorly articulated or enunciated, or drowned by noise",XLSX,,,,
OBSTRUCT / HINDER,balk,,the area on a billiard table behind the balkline,XLSX,,,,
OBSTRUCT / HINDER,block,,a solid piece of something (usually having flat rectangular sides),XLSX,,,,
OBSTRUCT / HINDER,clog,,footwear usually with wooden soles,XLSX,,,,
OBSTRUCT / HINDER,encumber,,hold back,XLSX,,,,
OBSTRUCT / HINDER,frustrate,,"hinder or prevent (the efforts, plans, or desires) of",XLSX,,,,
OBSTRUCT / HINDER,hamper,,"(verb, -ve) restrict awkwardly + obstruct / hinder",BOTH,,,,
OBSTRUCT / HINDER,hamstring,,one of the tendons at the back of the knee,XLSX,,,,
OBSTRUCT / HINDER,hinder,,"(verb, -ve) hold back + obstruct / hinder",BOTH,,,,
OBSTRUCT / HINDER,impede,,"(verb, -ve) slow the progress of + obstruct / hinder",BOTH,,,,
OBSTRUCT / HINDER,stymie,,a situation in golf where an opponent's ball blocks the line between your ball and the hole,XLSX,,,,
OBVIOUS,apparent,,clearly revealed to the mind or the senses or judgment,XLSX,,,,
OBVIOUS,blatant,,without any attempt at concealment; completely obvious,XLSX,,,,
OBVIOUS,conspicuous,,"(adj, N) attention-catchingly + obvious",BOTH,,,,
OBVIOUS,conspicuousness,,the state of being conspicuous,XLSX,,,,
OBVIOUS,discernible,,"(adj, N) detectable, perceivable",BOTH,,,,
OBVIOUS,distinguishable,,capable of being perceived as different or distinct,XLSX,,,,
OBVIOUS,eminent,,standing above others in quality or position,XLSX,,,,
OBVIOUS,evident,,clearly revealed to the mind or the senses or judgment,XLSX,,,,
OBVIOUS,eye-catching,,seizing the attention,XLSX,,,,
OBVIOUS,manifest,,"(verb/adj, N) clearly displayed + obvious | also: display (verb)",BOTH,,,,
OBVIOUS,manifestation,,a clear appearance,GREG_MAT,,,,
OBVIOUS,obvious,,easily perceived by the senses or grasped by the mind,XLSX,,,,
OBVIOUS,overt,,"(adj, N) out in the open + obvious",BOTH,,,,
OBVIOUS,patent,,"(adj, N) plainly evident + obvious",PDF,,,,
OBVIOUS,perceptible,,capable of being perceived by the mind or senses,XLSX,,,,
OBVIOUS,prominence,,the state of being prominent: widely known or eminent,XLSX,,,,
OBVIOUS,prominent,,having a quality that thrusts itself into attention,XLSX,,,,
OBVIOUS,salience,,the state of being salient,XLSX,,,,
OBVIOUS,salient,,(military) the part of the line of battle that projects closest to the enemy,XLSX,,,,
OBVIOUS,self-evident,,evident without proof or argument,XLSX,,,,
OBVIOUS,unmistakable,,clearly evident to the mind,XLSX,,,,
OFFENSE / VIOLATION,contravene,,"(verb, -ve) violate, go against (a rule)",BOTH,,,,
OFFENSE / VIOLATION,malfeasance,,"(noun, -ve) official misconduct by someone in power",BOTH,,,,
OFFENSE / VIOLATION,peccadillo,,"(noun, N) a minor, forgivable + offense / violation",PDF,,,,
OFFENSE / VIOLATION,transgress,,"act in disregard of laws, rules, contracts, or promises",XLSX,,,,
OFFENSE / VIOLATION,transgression,,"(noun, -ve) a serious + offense / violation",PDF,,,,
OFFENSE / VIOLATION,violate,,fail to agree with; be in violation of; as of rules or patterns,XLSX,,,,
OFFENSE / VIOLATION,violation,,a crime less serious than a felony,XLSX,,,,
OMINOUS / FOREBODING,doom,,an unpleasant or disastrous destiny,XLSX,,,,
OMINOUS / FOREBODING,inauspicious,,not auspicious; boding ill,XLSX,,,,
OMINOUS / FOREBODING,portent,,a sign of something about to happen,XLSX,,,,
OMINOUS / FOREBODING,unpropitious,,not propitious,XLSX,,,,
OMIT / EXCLUDE,omit,,"(verb, N) leave out",BOTH,,,,
OMIT / EXCLUDE,spare,,an extra component of a machine or other apparatus,XLSX,,,,
ORDINARY / DULL,commonplace,,a trite or obvious remark,XLSX,,,,
ORDINARY / DULL,humdrum,,"(adj, -ve) monotonously + ordinary / dull",PDF,,,,
ORDINARY / DULL,mundane,,"(adj, -ve) boringly + ordinary / dull",BOTH,,,,
ORDINARY / DULL,mundanity,,the quality or character of being intellectually sophisticated and worldly through cultivation or experience or disillusionment,GREG_MAT,,,,
ORDINARY / DULL,nondescript,,a person is not easily classified and not very interesting,XLSX,,,,
ORDINARY / DULL,pedestrian,,"(adj, -ve) unimaginatively + ordinary / dull",BOTH,,,,
ORDINARY / DULL,prosaic,,"(adj, -ve) flatly, unpoetically + ordinary / dull",BOTH,,,,
ORDINARY / DULL,unexceptional,,not special in any way,XLSX,,,,
ORDINARY / DULL,unremarkable,,found in the ordinary course of events; ; ; - Anita Diamant,XLSX,,,,
ORNATE / DECORATIVE,adornment,,a decoration of color or interest that is added to relieve plainness,XLSX,,,,
ORNATE / DECORATIVE,polish,,the property of being smooth and shiny,XLSX,,,,
ORTHODOX / RIGID,conformity,,correspondence in form or appearance,XLSX,,,,
ORTHODOX / RIGID,conventional,,"(adj, N) traditionally + ordinary / dull",BOTH,,,,
ORTHODOX / RIGID,orthodox,,of or pertaining to or characteristic of Judaism,XLSX,,,,
ORTHODOX / RIGID,traditional,,consisting of or derived from tradition,XLSX,,,,
ORTHODOX / RIGID,traditionalist,,one who adheres to traditional views,XLSX,,,,
OUTDATED,anachronism,,something located at a time when it could not have existed or occurred,XLSX,,,,
OUTDATED,anachronistic,,"(adj, -ve) wrong-time-period + outdated",BOTH,,,,
OUTDATED,ancient,,a very old person,XLSX,,,,
OUTDATED,antediluvian,,any of the early patriarchs who lived prior to the Noachian deluge,XLSX,,,,
OUTDATED,antiquate,,make obsolete or old-fashioned,XLSX,,,,
OUTDATED,archaic,,"(adj, -ve) ancient-era + outdated",BOTH,,,,
OUTDATED,dowdy,,"(adj, -ve) drably + unfashionable",PDF,,,,
OUTDATED,fusty,,stale and unclean smelling,XLSX,,,,
OUTDATED,long-abandoned,,trend; fashion,XLSX,,,,
OUTDATED,obsolete,,"(adj, -ve) no longer used + outdated",BOTH,,,,
OUTDATED,old-fashioned,,out of fashion,XLSX,,,,
OUTDATED,outdated,,old; no longer valid or fashionable,XLSX,,,,
OUTDATED,outmode,,"make unfashionable, outdated, or obsolete",XLSX,,,,
OUTDATED,unfashionable,,not in accord with or not following current fashion,XLSX,,,,
OUTDATED,vestigial,,"(adj, N) a leftover remnant + outdated",PDF,,,,
OVERLOOK / IGNORE,inattention,,lack of attention,XLSX,,,,
OVERLOOK / IGNORE,inattentive,,showing a lack of attention or care,XLSX,,,,
OVERLOOK / IGNORE,oblivious,,"(adj, -ve) unaware, heedlessly forgetful",BOTH,,,,
OVERLOOK / IGNORE,oversight,,an unintentional omission resulting from failure to notice something,XLSX,,,,
PARADOX / CONTRADICTION,antithesis,,"(noun, N) the direct opposite",BOTH,,,,
PARADOX / CONTRADICTION,antithetical,,sharply contrasted in character or purpose,XLSX,,,,
PARADOX / CONTRADICTION,contradiction,,opposition between two conflicting forces or ideas,XLSX,,,,
PARADOX / CONTRADICTION,counterintuitive,,contrary to what common sense would suggest,XLSX,,,,
PARADOX / CONTRADICTION,incompatibility,,the relation between propositions that cannot both be true at the same time,XLSX,,,,
PARADOX / CONTRADICTION,paradox,,(logic) a statement that contradicts itself,XLSX,,,,
PARTICULAR / SPECIFIC,distinctiveness,,a distinguishing trait,XLSX,,,,
PARTICULAR / SPECIFIC,individualization,,discriminating the individual from the generic group or species,XLSX,,,,
PARTICULAR / SPECIFIC,particularize,,be specific about,XLSX,,,,
PARTICULAR / SPECIFIC,specialization,,the act of specializing; making something suitable for a special purpose,XLSX,,,,
PARTICULAR / SPECIFIC,specialize,,become more focus on an area of activity or field of study,XLSX,,,,
PASSIONATE / EAGER,ardent,,"(adj, +ve) warmly + passionate / eager",PDF,,,,
PASSIONATE / EAGER,avid,,"(adj, +ve) eagerly + passionate / eager",PDF,,,,
PASSIONATE / EAGER,eager,,a high wave (often dangerous) caused by tidal flow (as by colliding tidal currents or in a narrow estuary),XLSX,,,,
PASSIONATE / EAGER,enthusiasm,,a feeling of excitement,XLSX,,,,
PASSIONATE / EAGER,enthusiastic,,having or showing great excitement and interest,XLSX,,,,
PASSIONATE / EAGER,fervent,,"(adj, +ve) intensely + passionate / eager",PDF,,,,
PASSIONATE / EAGER,fervid,,"(adj, N) overheatedly (can imply excess) + passionate / eager",PDF,,,,
PASSIONATE / EAGER,fervor,,"(noun, +ve) burning passion (noun) + passionate / eager",BOTH,,,,
PASSIONATE / EAGER,fiery,,characterized by intense emotion,XLSX,,,,
PASSIONATE / EAGER,impassioned,,characterized by intense emotion,XLSX,,,,
PASSIONATE / EAGER,vehement,,marked by extreme intensity of emotions or convictions; inclined to react violently; fervid,XLSX,,,,
PASSIONATE / EAGER,zealot,,a member of an ancient Jewish sect in Judea in the first century who fought to the death against the Romans and who killed or persecuted Jews who collaborated with the Romans,XLSX,,,,
PASSIONATE / EAGER,zealotry,,excessive intolerance of opposing views,XLSX,,,,
PASSIONATE / EAGER,zealous,,"(adj, N) crusadingly (can tip into fanaticism) + passionate / eager",BOTH,,,,
PERCEPTIVE / INSIGHTFUL,acute,,a mark (') placed above a vowel to indicate pronunciation,XLSX,,,,
PERCEPTIVE / INSIGHTFUL,incisive,,having or demonstrating ability to recognize or draw fine distinctions,XLSX,,,,
PERCEPTIVE / INSIGHTFUL,insightful,,exhibiting insight or clear and deep perception; ; -R.C.Angell,XLSX,,,,
PERCEPTIVE / INSIGHTFUL,insightfully,,perceptive; insightful,XLSX,,,,
PERCEPTIVE / INSIGHTFUL,keen,,"(adj/verb, +ve) eager | sharply acute",BOTH,,,,
PERCEPTIVE / INSIGHTFUL,keenness,,a quick and penetrating intelligence,XLSX,,,,
PERCEPTIVE / INSIGHTFUL,penetrating,,"(adj, +ve) deeply piercing + perceptive / insightful",PDF,,,,
PERCEPTIVE / INSIGHTFUL,perceptive,,of or relating to perception,XLSX,,,,
PERCEPTIVE / INSIGHTFUL,profound,,"(adj, +ve) deeply + perceptive / insightful",BOTH,,,,
PERCEPTIVE / INSIGHTFUL,profundity,,"(noun, +ve) depth of + keen insight",BOTH,,,,
PETTY,quibble,,"(verb/noun, -ve) a petty objection over trifles",PDF,,,,
PETTY,quibbler,,a disputant who quibbles; someone who raises annoying petty objections,XLSX,,,,
PHILOSOPHER,empiricist,,a philosopher who subscribes to empiricism,XLSX,,,,
PHILOSOPHER,realist,,a philosopher who believes that universals are real and exist independently of anyone thinking of them,XLSX,,,,
PHYSICAL / TOUCHABLE,concrete,,a strong hard building material composed of sand and gravel and cement and water,XLSX,,,,
PHYSICAL / TOUCHABLE,corporeal,,"(adj, N) bodily + physical / touchable",PDF,,,,
PHYSICAL / TOUCHABLE,palpable,,"(adj, N) almost-touchably obvious + physical / touchable",BOTH,,,,
PHYSICAL / TOUCHABLE,substantial,,fairly large,XLSX,,,,
PHYSICAL / TOUCHABLE,tangible,,"(adj, N) concretely + physical / touchable",BOTH,,,,
PICKY / FASTIDIOUS,finicky,,"(adj, -ve) fussily hard to please",BOTH,,,,
PICKY / FASTIDIOUS,pedant,-,a person who pays more attention to formal rules and book learning than they merit,XLSX,,,,
PICKY / FASTIDIOUS,picky,,exacting especially about details,XLSX,,,,
PLAIN / FRUGAL,abstemious,,sparing in consumption of especially food and drink; - John Galsworthy,XLSX,,,,
PLAIN / FRUGAL,abstemiousness,,restricted to bare necessities,XLSX,,,,
PLAIN / FRUGAL,abstinence,,the trait of abstaining (especially from alcohol),XLSX,,,,
PLAIN / FRUGAL,ascetic,,"(adj/noun, N) severely self-denying | one who renounces comforts",BOTH,,,,
PLAIN / FRUGAL,austere,,"(adj, N) sternly + plain / frugal",BOTH,,,,
PLAIN / FRUGAL,austerity,,the trait of great self-denial (especially refraining from worldly pleasures),XLSX,,,,
PLAIN / FRUGAL,spartan,,"(adj, N) disciplined, bare-bones + plain / frugal",BOTH,,,,
PLAIN / FRUGAL,thrift,,any of numerous sun-loving low-growing evergreens of the genus Armeria having round heads of pink or white flowers,XLSX,,,,
PLAIN / RESTRAINED,subdued,,"(adj, N) mutedly + plain / restrained",PDF,,,,
PLAIN / RESTRAINED,unadorned,,"(adj, N) undecoratedly + plain / restrained",PDF,,,,
PLAIN / RESTRAINED,understated,,"(adj, +ve) subtly, tastefully + plain / restrained",PDF,,,,
PLAIN / RESTRAINED,unostentatious,,not ostentatious,XLSX,,,,
PLEDGE / VOW,assure,,make certain of,XLSX,,,,
PLEDGE / VOW,aver,,"(verb, N) confidently assert + confirm / prove",BOTH,,,,
PLEDGE / VOW,avow,,to declare or affirm solemnly and formally as true,XLSX,,,,
PLEDGE / VOW,pledge,,a deposit of personal property as security for a debt,XLSX,,,,
PLEDGE / VOW,proclaim,,declare formally; declare someone to be something; of titles,XLSX,,,,
PLEDGE / VOW,profess,,"practice as a profession, teach, or claim to be knowledgeable about",XLSX,,,,
PLEDGE / VOW,stipulate,,specify as a condition or requirement in a contract or agreement; make an express demand or provision in an agreement,XLSX,,,,
PLEDGE / VOW,warrant,,a writ from a court commanding police to perform specified acts,XLSX,,,,
PLOT SECRETLY,collude,,"(verb, -ve) (in wrongdoing) + plot secretly",PDF,,,,
PLOT SECRETLY,collusion,,secret agreement,GREG_MAT,,,,
PLOT SECRETLY,conspiracy,,a secret agreement between two or more people to perform an unlawful act,GREG_MAT,,,,
PLOT SECRETLY,conspire,,"(verb, -ve) scheme together + plot secretly",PDF,,,,
PLOT SECRETLY,intrigue,,"(noun/verb, N) a secret scheme (-ve) | fascinate (+ve)",BOTH,,,,
PONDER / REFLECT,cogitate,,"(verb, N) deeply think + ponder / reflect",PDF,,,,
PONDER / REFLECT,contemplate,,"(verb, N) consider at length + ponder / reflect",BOTH,,,,
PONDER / REFLECT,deliberate,,"(adj/verb, N) weigh carefully + ponder / reflect | also: intentional (adj)",BOTH,,,,
PONDER / REFLECT,introspection,,the contemplation of your own thoughts and desires and conduct,XLSX,,,,
PONDER / REFLECT,introspective,,given to examining own sensory and perceptual experiences,XLSX,,,,
PONDER / REFLECT,pensive,,"(adj, N) wistfully thoughtful (adj) + ponder / reflect",PDF,,,,
PONDER / REFLECT,pensiveness,,persistent morbid meditation on a problem,XLSX,,,,
PONDER / REFLECT,ponder,,reflect deeply on a subject,XLSX,,,,
PONDER / REFLECT,reflect,,"(verb, N) look back and think + ponder / reflect | also: mirror",BOTH,,,,
PONDER / REFLECT,ruminate,,"(verb, N) chew over repeatedly + ponder / reflect",PDF,,,,
PONDER / REFLECT,rumination,,"a calm, lengthy, intent consideration",GREG_MAT,,,,
PRACTICAL,expedient,,"(adj/noun, N) conveniently (over what's right) + practical",PDF,,,,
PRACTICAL,functional,,designed for or capable of a particular function or use,XLSX,,,,
PRACTICAL,practical,,concerned with actual use or practice,XLSX,,,,
PRACTICAL,pragmatic,,an imperial decree that becomes part of the fundamental law of the land,XLSX,,,,
PRACTICAL,pragmatism,,(philosophy) the doctrine that practical consequences are the criteria of knowledge and meaning and value,XLSX,,,,
PRACTICAL,pragmatist,,an adherent of philosophical pragmatism,XLSX,,,,
PRACTICAL,prudence,,discretion in practical affairs,GREG_MAT,,,,
PRACTICAL,utilitarian,,"(adj, N) functionally + practical",BOTH,,,,
PRACTICAL,utilitarianism,,doctrine that the useful is the good; especially as elaborated by Jeremy Bentham and James Mill; the aim was said to be the greatest happiness for the greatest number,XLSX,,,,
PRAISE,acclaim,,"(noun/verb, +ve) public, applauding + praise",BOTH,,,,
PRAISE,acclamation,,enthusiastic approval,XLSX,,,,
PRAISE,adulate,,flatter in an obsequious manner,XLSX,,,,
PRAISE,adulation,,servile flattery; exaggerated and hypocritical praise,XLSX,,,,
PRAISE,applaud,,clap one's hands or shout after performances to indicate approval,XLSX,,,,
PRAISE,approbation,,"(noun, +ve) official, approving + praise",BOTH,,,,
PRAISE,approbatory,,expressing or manifesting praise or approval,XLSX,,,,
PRAISE,celebrate,,behave as expected during of holidays or rites,XLSX,,,,
PRAISE,commemorate,,mark by some ceremony or observation,XLSX,,,,
PRAISE,commend,,express approval of,XLSX,,,,
PRAISE,commendation,,an official award (as for bravery or service) usually given as formal public statement,XLSX,,,,
PRAISE,compliment,,a remark (or act) expressing praise and admiration,XLSX,,,,
PRAISE,complimentary,,conveying or resembling a compliment,XLSX,,,,
PRAISE,eminence,,high status importance owing to marked superiority,XLSX,,,,
PRAISE,encomium,,a formal expression of praise,XLSX,,,,
PRAISE,esteem,,the condition of being honored (esteemed or respected or well regarded),XLSX,,,,
PRAISE,eulogize,,praise formally and eloquently,XLSX,,,,
PRAISE,exalt,,"praise, glorify, or honor",XLSX,,,,
PRAISE,extol,,"(verb, +ve) glowingly (verb) + praise",BOTH,,,,
PRAISE,gild,,a formal association of people with similar interests,XLSX,,,,
PRAISE,glorification,,a state of high honor,XLSX,,,,
PRAISE,hail,,precipitation of ice pellets when there are strong rising air currents,XLSX,,,,
PRAISE,honor,,a tangible symbol signifying approval or distinction,XLSX,,,,
PRAISE,honorific,,an expression of respect,XLSX,,,,
PRAISE,laud,,"praise, glorify, or honor",XLSX,,,,
PRAISE,lionize,,"(verb, N) celebrity-worship (can imply excess) + praise",BOTH,,,,
PRAISE,panegyric,,a formal expression of praise,XLSX,,,,
PRAISE,revere,,American silversmith remembered for his midnight ride (celebrated in a poem by Longfellow) to warn the colonists in Lexington and Concord that British troops were coming (1735-1818),GREG_MAT,,,,
PRAISE,reverence,,a feeling of profound respect for someone or something,XLSX,,,,
PRAISE,tout,,"(verb, N) promote loudly (often hype) + praise",BOTH,,,,
PRAISE,tribute,,something given or done as an expression of esteem,XLSX,,,,
PRAISE,trumpet,,a brass musical instrument with a brilliant tone; has a narrow tube and a flared bell and is played by means of valves,XLSX,,,,
PRAISE,veneration,,a feeling of profound respect for someone or something,XLSX,,,,
PRAISEWORTHY,admirable,,deserving of the highest esteem or admiration,XLSX,,,,
PRAISEWORTHY,estimable,,"(adj, +ve) admirably worthy + praiseworthy",BOTH,,,,
PRAISEWORTHY,exemplary,,worthy of imitation,XLSX,,,,
PRAISEWORTHY,laudable,,"(adj, +ve) worthy of (adj) + praise",BOTH,,,,
PRAISEWORTHY,meritorious,,"(adj, +ve) deservingly + praiseworthy",PDF,,,,
PRAISEWORTHY,praiseworthy,,worthy of high praise,XLSX,,,,
PRECURSOR / FORERUNNER,antedate,,"(verb, N) come before in time, precede",BOTH,,,,
PRECURSOR / FORERUNNER,forerunner,,a person who goes before or announces the coming of another,XLSX,,,,
PRECURSOR / FORERUNNER,precede,,be earlier in time; go back further,XLSX,,,,
PRECURSOR / FORERUNNER,precedent,,an example that is used to justify similar occurrences at a later time,XLSX,,,,
PRECURSOR / FORERUNNER,precursor,,a substance from which another substance is formed (especially by a metabolic reaction),XLSX,,,,
PRECURSOR / FORERUNNER,predate,,be earlier in time; go back further,XLSX,,,,
PREDICAMENT,conundrum,,"(noun, N) a puzzling riddle or problem",BOTH,,,,
PREDICAMENT,dilemma,,state of uncertainty or perplexity especially as requiring a choice between equally unfavorable options,XLSX,,,,
PREDICAMENT,imbroglio,,"(noun, -ve) a messy entanglement + predicament",PDF,,,,
PREDICAMENT,predicament,,"(noun, -ve) a difficult + predicament",PDF,,,,
PREDICAMENT,quandary,,"(noun, -ve) a which-way dilemma + predicament",BOTH,,,,
PREVENT,avert,,"(verb, +ve) (a disaster) + prevent | also: turn away",BOTH,,,,
PREVENT,deter,,"(verb, N) discourage from acting + prevent",BOTH,,,,
PREVENT,foil,,"(verb/noun, N) thwart (a plan) + prevent | also: a contrast",PDF,,,,
PREVENT,forestall,,"(verb, N) by acting first + prevent",BOTH,,,,
PREVENT,obviate,,"(verb, +ve) eliminate the need for + prevent",BOTH,,,,
PREVENT,preclude,,"(verb, N) rule out in advance + prevent",BOTH,,,,
PREVENT,preempt,,a high bid that is intended to prevent the opposing players from bidding,XLSX,,,,
PREVENT,prevent,,keep from happening or arising; make impossible,XLSX,,,,
PREVENT,preventive,,remedy that prevents or slows the course of an illness or disease,XLSX,,,,
PREVENT,prophylactic,,remedy that prevents or slows the course of an illness or disease,XLSX,,,,
PREVENT,stave,,(music) the system of five horizontal lines on which the musical notes are written,XLSX,,,,
PREVENT,thwart,,a crosspiece spreading the gunnels of a boat; used as a seat in a rowboat,XLSX,,,,
PROLONG / PERPETUATE,elongate,,make long or longer by pulling and stretching,XLSX,,,,
PROLONG / PERPETUATE,perpetuate,,"(verb, -ve) keep (usu. something bad) going indefinitely",BOTH,,,,
PROLONG / PERPETUATE,prolong,,lengthen in time; cause to be or last longer,XLSX,,,,
PROLONG / PERPETUATE,self-perpetuating,,prolong; perpetuate,XLSX,,,,
PROMOTE / ADVOCATE,advocate,,"(verb/noun, +ve) argue for, back + support",BOTH,,,,
PROMOTE / ADVOCATE,endorse,,be behind; approve of,XLSX,,,,
PROMOTE / ADVOCATE,endorsement,,a promotional statement (as found on the dust jackets of books),XLSX,,,,
PROMOTE / ADVOCATE,espouse,,"choose and follow; as of theories, ideas, policies, strategies or plans",XLSX,,,,
PROMOTE / ADVOCATE,sanction,,"(verb/noun, N) officially approve | penalize (two opposite senses!)",BOTH,,,,
PROMOTE / FOSTER,cultivate,,foster the growth of,XLSX,,,,
PROMOTE / FOSTER,foster,,United States songwriter whose songs embody the sentiment of the South before the American Civil War (1826-1864),XLSX,,,,
PROPER CONDUCT,comportment,,dignified manner or conduct,XLSX,,,,
PROPER CONDUCT,deportment,,"(noun, N) one's bearing and + proper conduct",PDF,,,,
PROPER CONDUCT,propriety,,"(noun, +ve) socially correct + proper conduct",BOTH,,,,
PROPER CONDUCT,protocol,,(computer science) rules determining the format and transmission of data,XLSX,,,,
PROSAIC / COMMONPLACE,average,,a statistic describing the location of a distribution,XLSX,,,,
PROSAIC / COMMONPLACE,customary,,in accordance with convention or custom,XLSX,,,,
PROSAIC / COMMONPLACE,typical,,exhibiting the qualities or characteristics that identify a group or kind or category,XLSX,,,,
PROSPECT / OUTLOOK,foreseeable,,"(adj, N) predictable, anticipated",BOTH,,,,
PROSPECT / OUTLOOK,prospect,,the possibility of future success,XLSX,,,,
PROSPECT / OUTLOOK,purview,,the range of interest or activity that can be anticipated,XLSX,,,,
PROTECT / SAFEGUARD,conservation,,an occurrence of improvement by virtue of preventing loss or injury or other change,XLSX,,,,
PROTECT / SAFEGUARD,guard,,a person who keeps watch over something or someone,XLSX,,,,
PROTECT / SAFEGUARD,guardian,,a person who cares for persons or property,XLSX,,,,
PROTECT / SAFEGUARD,insulate,,"protect from heat, cold, or noise by surrounding with insulating material",XLSX,,,,
PROTECT / SAFEGUARD,preservation,,the activity of protecting something from loss or danger,XLSX,,,,
PROTECT / SAFEGUARD,refuge,,a safe place,XLSX,,,,
PROTECT / SAFEGUARD,safeguard,,a precautionary measure warding off impending danger or damage or injury etc.,XLSX,,,,
PROVOKE / STIR UP,agitate,,"(verb, -ve) stir up, disturb + provoke / stir up",PDF,,,,
PROVOKE / STIR UP,antagonize,,"(verb, -ve) provoke hostility + provoke / stir up",PDF,,,,
PROVOKE / STIR UP,foment,,"(verb, -ve) brew (rebellion, discord) + provoke / stir up",BOTH,,,,
PROVOKE / STIR UP,goad,,"(verb, -ve) prod repeatedly + provoke / stir up",PDF,,,,
PROVOKE / STIR UP,incendiary,,"(adj, -ve) inflammatorily provocative",BOTH,,,,
PROVOKE / STIR UP,incite,,"(verb, -ve) instigate (trouble) + provoke / stir up",BOTH,,,,
PROVOKE / STIR UP,inflammatory,,characterized or caused by inflammation,XLSX,,,,
PROVOKE / STIR UP,instigate,,provoke or stir up,XLSX,,,,
PROVOKE / STIR UP,instigation,,the verbal act of urging on,XLSX,,,,
PROVOKE / STIR UP,provocation,,unfriendly behavior that causes anger or resentment,XLSX,,,,
PROVOKE / STIR UP,provocative,,"(adj, N) thought-stimulating (+ve) | inflammatory (-ve)",BOTH,,,,
PURE / UNTOUCHED,immaculate,,"(adj, +ve) spotlessly flawless + pure / untouched",PDF,,,,
PURE / UNTOUCHED,inviolate,,"(adj, +ve) sacredly untouched + pure / untouched",PDF,,,,
PURE / UNTOUCHED,pristine,,"(adj, +ve) perfectly + pure / untouched",BOTH,,,,
PURE / UNTOUCHED,purity,,being undiluted or unmixed with extraneous material,XLSX,,,,
PURE / UNTOUCHED,unalloyed,,"(adj, +ve) unmixed, complete + pure / untouched",BOTH,,,,
PURE / UNTOUCHED,unblemished,,free from physical or moral spots or stains,XLSX,,,,
QUARRELSOME,contentious,,"(adj, -ve) controversy-stirring + quarrelsome",BOTH,,,,
QUARRELSOME,contentiousness,,an inclination to be quarrelsome and contentious,XLSX,,,,
QUARRELSOME,divisive,,dissenting (especially dissenting with the majority opinion),XLSX,,,,
QUARRELSOME,factious,,"(adj, -ve) faction-splittingly divisive + quarrelsome",PDF,,,,
QUARRELSOME,fractious,,"(adj, -ve) quarrelsomely + irritable",BOTH,,,,
QUIET / RESERVED,reserve,,formality and propriety of manner,XLSX,,,,
QUIET / RESERVED,reticence,,the trait of being uncommunicative; not volunteering anything more than necessary,XLSX,,,,
QUIET / RESERVED,reticent,,"(adj, N) reluctant to share, holding back + quiet / reserved",BOTH,,,,
QUIET / RESERVED,taciturn,,"(adj, N) habitually, by nature + quiet / reserved",BOTH,,,,
QUIET / RESERVED,taciturnity,,the trait of being uncommunicative; not volunteering anything more than necessary,GREG_MAT,,,,
QUIET / RESERVED,terse,,"(adj, N) curtly brief (can feel rude) + quiet / reserved",PDF,,,,
RANDOM / UNPLANNED,aimlessness,,the quality of lacking any definite purpose,XLSX,,,,
RANDOM / UNPLANNED,arbitrariness,,the trait of acting unpredictably and more from whim or caprice than from reason or judgment,XLSX,,,,
RANDOM / UNPLANNED,arbitrary,,"(adj, -ve) whim-based + random / unplanned",BOTH,,,,
RANDOM / UNPLANNED,haphazard,,"(adj, -ve) disorganizedly + random / unplanned",BOTH,,,,
RANDOM / UNPLANNED,haphazardly,,in a random manner,XLSX,,,,
RANDOM / UNPLANNED,indiscriminate,,"(adj, -ve) unselectively + random / unplanned",BOTH,,,,
RANDOM / UNPLANNED,random,,lacking any definite plan or order or purpose; governed by or depending on chance,XLSX,,,,
RANDOM / UNPLANNED,randomly,,in a random manner,XLSX,,,,
RANDOM / UNPLANNED,randomness,,(thermodynamics) a thermodynamic quantity representing the amount of energy in a system that is no longer available for doing mechanical work,XLSX,,,,
RANT / ATTACK-SPEECH,assail,,"(verb, -ve) fiercely + attack",PDF,,,,
RANT / ATTACK-SPEECH,diatribe,,"(noun, -ve) a bitter written/spoken + rant / attack-speech",BOTH,,,,
RANT / ATTACK-SPEECH,harangue,,"(noun/verb, -ve) a lecturing, aggressive + rant / attack-speech",PDF,,,,
RANT / ATTACK-SPEECH,invective,,abusive or venomous language used to express blame or censure or bitter deep-seated ill will,XLSX,,,,
RANT / ATTACK-SPEECH,jeremiad,,a long and mournful complaint,XLSX,,,,
RANT / ATTACK-SPEECH,polemic,,a writer who argues in opposition to others (especially in theology),GREG_MAT,,,,
RANT / ATTACK-SPEECH,polemical,,"(adj, N) aggressively argumentative (adj) + rant / attack-speech",BOTH,,,,
RANT / ATTACK-SPEECH,rant,,a loud bombastic declamation expressed with strong emotion,XLSX,,,,
RANT / ATTACK-SPEECH,tirade,,"(noun, -ve) an angry, long + rant / attack-speech",PDF,,,,
REBELLIOUS,anarchistic,,of or related to anarchism or tending toward anarchism,XLSX,,,,
REBELLIOUS,defy,,resist or confront with resistance,XLSX,,,,
REBELLIOUS,dissident,,"(noun/adj, N) a principled dissenter (noun) + rebellious",BOTH,,,,
REBELLIOUS,errant,,straying from the right course or from accepted standards,XLSX,,,,
REBELLIOUS,flout,,"(verb, -ve) openly defy rules (verb) + rebellious",BOTH,,,,
REBELLIOUS,irreverent,,"(adj, N) mockingly (toward authority; can be playful) + rude",BOTH,,,,
REBELLIOUS,mutinous,,disposed to or in a state of mutiny,GREG_MAT,,,,
REBELLIOUS,mutiny,,"(noun/verb, -ve) organized revolt (noun/verb) + rebellious",PDF,,,,
REBELLIOUS,radicalism,,the political orientation of those who favor revolutionary change in government and society,XLSX,,,,
REBELLIOUS,revolt,,organized opposition to authority; a conflict in which one faction tries to wrest control from another,XLSX,,,,
REBELLIOUS,revolution,,a drastic and far-reaching change in ways of thinking and behaving,XLSX,,,,
REBELLIOUS,seditious,,arousing to action or rebellion,XLSX,,,,
REBELLIOUS,subversiveness,,disloyalty by virtue of subversive behavior,XLSX,,,,
REBELLIOUS,truculence,,obstreperous and defiant aggressiveness,GREG_MAT,,,,
REBELLIOUS,unruliness,,the trait of being prone to disobedience and lack of discipline,XLSX,,,,
REBELLIOUS,wayward,,"(adj, -ve) disobediently straying + stubborn",BOTH,,,,
REFINED / SOPHISTICATED,elegant,,refined and tasteful in appearance or behavior or style,XLSX,,,,
REFINED / SOPHISTICATED,refinement,,a highly developed state of perfection; having a flawless or impeccable quality; ; ; --Joseph Conrad,XLSX,,,,
REFINED / SOPHISTICATED,sophisticated,,"(adj, +ve) worldly + refined / sophisticated | also: complex",PDF,,,,
REFINED / SOPHISTICATED,sophistication,,uplifting enlightenment,XLSX,,,,
REFINED / SOPHISTICATED,urbane,,"(adj, +ve) suavely, worldly + courteous / refined",BOTH,,,,
REFUTE / DENY,belie,,"(verb, N) contradict appearances + refute / deny",BOTH,,,,
REFUTE / DENY,contradict,,be in contradiction with,XLSX,,,,
REFUTE / DENY,controvert,,be resistant to,XLSX,,,,
REFUTE / DENY,debunk,,"(verb, +ve) expose as false (myth-busting) + refute / deny",BOTH,,,,
REFUTE / DENY,deny,,declare untrue; contradict,XLSX,,,,
REFUTE / DENY,disprove,,prove to be false,XLSX,,,,
REFUTE / DENY,gainsay,,"(verb, N) flatly contradict + refute / deny",BOTH,,,,
REFUTE / DENY,refute,,"(verb, N) disprove with evidence + refute / deny",BOTH,,,,
REJECT,discard,,anything that is cast aside or discarded,XLSX,,,,
REJECT,dismiss,,bar from attention or consideration,XLSX,,,,
REJECT,dismissal,,a judgment disposing of the matter without a trial,XLSX,,,,
REJECT,disregard,,lack of attention and due care,XLSX,,,,
REJECT,rebuff,,a deliberate discourteous act (usually as an expression of anger or disapproval),XLSX,,,,
REJECT,recoil,,the backward jerk of a gun when it is fired,XLSX,,,,
REJECT,reject,,the person or thing that is rejected or set aside as inferior in quality,XLSX,,,,
REJECT,rejection,,the act of rejecting something,XLSX,,,,
REJECT,repudiate,,"(verb, N) officially disown + reject",BOTH,,,,
REJECT,repudiation,,rejecting or disowning or disclaiming as invalid,XLSX,,,,
REJECT,retreat,,(military) withdrawal of troops to a more favorable position to escape the enemy's superior forces or after a defeat,XLSX,,,,
REJECT,shelve,,hold back to a later time,XLSX,,,,
REJECT,spurn,,"(verb, -ve) scornfully + reject",BOTH,,,,
REMEDY / CURE,antidote,,a remedy that stops or controls the effects of a poison,XLSX,,,,
REMEDY / CURE,palliative,,remedy that alleviates pain without curing,XLSX,,,,
REMEDY / CURE,panacea,,"(noun, N) a supposed cure-all (often used skeptically)",BOTH,,,,
REMEDY / CURE,placebo,,an innocuous or inert medication; given as a pacifier or to the control group in experiments on the efficacy of a drug,XLSX,,,,
REMEDY / CURE,remedied,,remedy; cure,XLSX,,,,
REMEDY / CURE,remedy,,act of correcting an error or a fault or an evil,GREG_MAT,,,,
REMEDY / CURE,salvational,,remedy; cure,XLSX,,,,
REMOVE FROM POWER,depose,,"(verb, N) officially overthrow + remove from power",PDF,,,,
REMOVE FROM POWER,oust,,"(verb, N) force out + remove from power",BOTH,,,,
REMOVE FROM POWER,topple,,"fall down, as if collapsing",XLSX,,,,
REPEAT / RECAPITULATE,recapitulate,,"(verb, N) summarize, recap",BOTH,,,,
REPEAT / RECAPITULATE,recapitulation,,emergence during embryonic development of various characters or structures that appeared during the evolutionary history of the strain or species,XLSX,,,,
REPEAT / RECAPITULATE,recount,,an additional (usually a second) count; especially of the votes in a close election,XLSX,,,,
REPEAT / RECAPITULATE,rehash,,old material that is slightly reworked and used again,XLSX,,,,
REPEAT / RECAPITULATE,reiterate,,"(verb, N) repeat, restate",BOTH,,,,
REPEAT / RECAPITULATE,repetitive,,repetitive and persistent,XLSX,,,,
REPEAT / RECAPITULATE,synopses,,a sketchy summary of the main points of an argument or theory,XLSX,,,,
REPLACE,displace,,"cause to move, usually with force or pressure",XLSX,,,,
REPLACE,replace,,substitute a person or thing for (another that is broken or inefficient or lost or no longer working or yielding what is expected),XLSX,,,,
REPLACE,supersede,,"(verb, N) as the newer version + replace",BOTH,,,,
REPLACE,supplant,,"(verb, N) by displacing (often forcefully) + replace",BOTH,,,,
REPUTATION-DAMAGING,infamy,,a state of extreme dishonor; - F.D.Roosevelt,XLSX,,,,
REPUTATION-DAMAGING,stigma,,the apical end of the style where deposited pollen enters the pistil,XLSX,,,,
RESTRAIN,bridle,,"(noun/verb, N) rein in (like a horse) + restrain",PDF,,,,
RESTRAIN,check,,"(verb/noun, N) verify | restrain, hold in check",BOTH,,,,
RESTRAIN,constrain,,hold back,XLSX,,,,
RESTRAIN,constrict,,squeeze or press together,XLSX,,,,
RESTRAIN,curb,,"(verb/noun, N) check, rein in + restrain",PDF,,,,
RESTRAIN,forbore,,refrain from doing,XLSX,,,,
RESTRAIN,inhibit,,"(verb, N) hold back + restrain",BOTH,,,,
RESTRAIN,quash,,"(verb/noun, -ve) crush completely + restrain",PDF,,,,
RESTRAIN,restrain,,keep under control; keep in check,XLSX,,,,
RESTRAIN,restraint,,the act of controlling by restraining someone or something,XLSX,,,,
RESTRAIN,shackle,,a restraint that confines or restricts freedom (especially something used to tie down or restrain a prisoner),XLSX,,,,
RESTRAIN,stifle,,joint between the femur and tibia in a quadruped; corresponds to the human knee,XLSX,,,,
RESTRAIN,suppress,,"(verb, -ve) forcibly stifle + restrain",BOTH,,,,
RETRACT / RENOUNCE,abjure,,"(verb, N) solemnly renounce + retract / renounce",PDF,,,,
RETRACT / RENOUNCE,abnegate,,"deny oneself (something); restrain, especially from indulging in some pleasure",XLSX,,,,
RETRACT / RENOUNCE,abnegation,,the denial and rejection of a doctrine or belief,XLSX,,,,
RETRACT / RENOUNCE,disavow,,"refuse to acknowledge; disclaim knowledge of; responsibility for, or association with",XLSX,,,,
RETRACT / RENOUNCE,disown,,prevent deliberately (as by making a will) from inheriting,XLSX,,,,
RETRACT / RENOUNCE,forswear,,"formally reject or disavow a formerly held belief, usually under pressure",XLSX,,,,
RETRACT / RENOUNCE,recant,,"(verb, N) take back one's own claim + refute / deny",BOTH,,,,
RETRACT / RENOUNCE,renounce,,"(verb, N) formally give up + reject",BOTH,,,,
RETRACT / RENOUNCE,retraction,,a disavowal or taking back of a previous assertion,XLSX,,,,
REVEAL / DISCLOSE,betray,,"(verb, -ve) unintentionally + reveal / disclose | also: be disloyal",BOTH,,,,
REVEAL / DISCLOSE,disclose,,make known to the public information that was previously known only to a few people or that was meant to be kept a secret,XLSX,,,,
REVEAL / DISCLOSE,disclosure,,the speech act of making something evident,XLSX,,,,
REVEAL / DISCLOSE,disgorge,,cause or allow (a solid substance) to flow or run out or over,XLSX,,,,
REVEAL / DISCLOSE,divulge,,"(verb, N) letting out (a secret) + reveal / disclose",BOTH,,,,
REVEAL / DISCLOSE,evince,,give expression to,XLSX,,,,
REVEAL / DISCLOSE,expose,,the exposure of an impostor or a fraud,XLSX,,,,
REVEAL / DISCLOSE,promulgate,,state or announce,XLSX,,,,
REVEAL / DISCLOSE,reveal,,make visible,XLSX,,,,
REVERSE / INVERT,inverse,,something inverted in sequence or character or effect,XLSX,,,,
REVERSE / INVERT,reverse,,a relation of direct opposition,XLSX,,,,
REVIVE / RESTORE,rebound,,a movement back from an impact,XLSX,,,,
REVIVE / RESTORE,rediscovery,,the act of discovering again,XLSX,,,,
REVIVE / RESTORE,rehabilitate,,"help to readapt, as to a former state of health or good repute",XLSX,,,,
REVIVE / RESTORE,rejuvenation,,the phenomenon of vitality and freshness being restored,XLSX,,,,
REVIVE / RESTORE,renaissance,,the period of European history at the close of the Middle Ages and the rise of the modern world; a cultural rebirth from the 14th through the middle of the 17th centuries,XLSX,,,,
REVIVE / RESTORE,resurgence,,bringing again into activity and prominence,XLSX,,,,
REVIVE / RESTORE,resurrect,,cause to become alive again,XLSX,,,,
REVIVE / RESTORE,resuscitate,,cause to regain consciousness,XLSX,,,,
REVIVE / RESTORE,revival,,bringing again into activity and prominence,XLSX,,,,
RIGID / DOGMATIC,doctrinaire,,"(adj/noun, -ve) rigidly doctrine-bound + orthodox / rigid",BOTH,,,,
RIGID / DOGMATIC,dogmatic,,"(adj, -ve) closed-mindedly opinionated + orthodox / rigid",BOTH,,,,
RIGID / DOGMATIC,ideologue,,"(noun, -ve) a rigidly dogmatic partisan",PDF,,,,
RIGID / DOGMATIC,inflexible,,incapable of change,XLSX,,,,
RIGID / DOGMATIC,rigid,,incapable of or resistant to bending,XLSX,,,,
RIGID / DOGMATIC,rigidity,,the physical property of being stiff and resisting bending,XLSX,,,,
RIGOR / PRECISION,certitude,,total certainty or greater certainty than circumstances warrant,XLSX,,,,
RIGOR / PRECISION,exactitude,,the quality of being exact,XLSX,,,,
RIGOR / PRECISION,explicitly,,in an explicit manner,XLSX,,,,
RIGOR / PRECISION,explicitness,,clarity as a consequence of being explicit,XLSX,,,,
RIGOR / PRECISION,impeccable,,without fault or error,XLSX,,,,
RIGOR / PRECISION,rigor,,"(noun, +ve) exacting strictness, thoroughness",BOTH,,,,
RIGOR / PRECISION,specificity,,the quality of being specific rather than general,XLSX,,,,
RIGOR / PRECISION,unerring,,not liable to error; -G.G.Coulton,XLSX,,,,
RIGOR / PRECISION,univocal,,admitting of no doubt or misunderstanding; having only one meaning or interpretation and leading to only one conclusion,XLSX,,,,
ROAM / WANDER,itinerant,,"(adj/noun, N) traveling place to place",BOTH,,,,
ROAM / WANDER,peregrination,,traveling or wandering around,XLSX,,,,
ROAM / WANDER,peripatetic,,a person who walks from place to place,XLSX,,,,
RUDE,boor,,a crude uncouth ill-bred person lacking culture or refinement,GREG_MAT,,,,
RUDE,boorish,,"(adj, -ve) crudely ill-mannered + rude",BOTH,,,,
RUDE,churlish,,"(adj, -ve) surly, gracelessly + rude",BOTH,,,,
RUDE,curt,,marked by rude or peremptory shortness,XLSX,,,,
RUDE,effrontery,,"(noun, -ve) shameless nerve (noun) + rude",PDF,,,,
RUDE,impertinence,,an impudent statement,XLSX,,,,
RUDE,impertinent,,"(adj, -ve) disrespectfully + rude",BOTH,,,,
RUDE,impudence,,an impudent statement,GREG_MAT,,,,
RUDE,impudent,,"(adj, -ve) cheekily + rude",PDF,,,,
RUDE,incivility,,deliberate discourtesy,XLSX,,,,
RUDE,insolence,,the trait of being rude and impertinent; inclined to take liberties,GREG_MAT,,,,
RUDE,insolent,,"(adj, -ve) boldly disrespectful + rude",PDF,,,,
RUDE,tactless,,lacking or showing a lack of what is fitting and considerate in dealing with others,XLSX,,,,
RUDE,ungracious,,lacking charm and good taste,XLSX,,,,
SACRED,numinous,,"(adj, +ve) mystically divine + devout / spiritual",BOTH,,,,
SACRED,sacrosanct,,"(adj, +ve) too sacred to touch + sacred",BOTH,,,,
SAYING / PRONOUNCEMENT,aphorism,,"(noun/verb, +ve) a witty, wise + saying / pronouncement",PDF,,,,
SAYING / PRONOUNCEMENT,assert,,state categorically,GREG_MAT,,,,
SAYING / PRONOUNCEMENT,axiom,,a saying that is widely accepted on its own merits,GREG_MAT,,,,
SAYING / PRONOUNCEMENT,dictum,,"(noun, N) an authoritative + saying / pronouncement",PDF,,,,
SAYING / PRONOUNCEMENT,truism,,an obvious truth,XLSX,,,,
SCARCE,dearth,,"(noun, -ve) a painful lack (noun) + scarce",BOTH,,,,
SCARCE,deficiency,,the state of needing something that is absent or unavailable,XLSX,,,,
SCARCE,exiguity,,the quality of being meager; -George Eliot,XLSX,,,,
SCARCE,exiguous,,extremely scanty,XLSX,,,,
SCARCE,infrequent,,not frequent; not occurring regularly or at short intervals,XLSX,,,,
SCARCE,meager,,deficient in amount or quality or extent,XLSX,,,,
SCARCE,paucity,,an insufficient quantity or number,XLSX,,,,
SCARCE,scant,,"(adj/verb, -ve) barely enough + scarce",BOTH,,,,
SCARCE,scarce,,deficient in quantity or number compared with the demand,XLSX,,,,
SCARCE,scarcely,,only a very short time before; ; ; ; ; - W.B.Yeats,XLSX,,,,
SCARCE,sparse,,"(adj, N) thinly spread + scarce",PDF,,,,
SCENIC,bucolic,,"(adj, +ve) idyllically rural + scenic / charming",PDF,,,,
SCENIC,picturesque,,"(adj, +ve) postcard + scenic / charming",PDF,,,,
SCRUTINIZE / EXAMINE,anatomize,,dissect in order to analyze,XLSX,,,,
SCRUTINIZE / EXAMINE,digest,,a periodical that summarizes the news,XLSX,,,,
SCRUTINIZE / EXAMINE,evaluate,,"evaluate or estimate the nature, quality, ability, extent, or significance of",XLSX,,,,
SCRUTINIZE / EXAMINE,evaluative,,exercising or involving careful evaluations,XLSX,,,,
SCRUTINIZE / EXAMINE,investigate,,investigate scientifically,XLSX,,,,
SCRUTINIZE / EXAMINE,scrutinize,,"to look at critically or searchingly, or in minute detail",XLSX,,,,
SCRUTINIZE / EXAMINE,scrutiny,,the act of examining something closely (as for mistakes),XLSX,,,,
SCRUTINIZE / EXAMINE,sift,,move as if through a sieve,XLSX,,,,
SCRUTINIZE / EXAMINE,survey,,a detailed critical inspection,XLSX,,,,
SCRUTINIZE / EXAMINE,winnow,,the act of separating grain from chaff,XLSX,,,,
SECRET / HIDDEN,clandestine,,"(adj, N) secretly organized + secret / hidden",BOTH,,,,
SECRET / HIDDEN,covert,,"(adj, N) officially + secret / hidden",BOTH,,,,
SECRET / HIDDEN,furtive,,"(adj, -ve) guiltily sneaky + secret / hidden",BOTH,,,,
SECRET / HIDDEN,secretive,,inclined to secrecy or reticence about divulging information,XLSX,,,,
SECRET / HIDDEN,surreptitious,,"(adj, -ve) sneakily stealthy + secret / hidden",BOTH,,,,
SECRET / HIDDEN,surreptitiousness,,secret; hidden,XLSX,,,,
SECRET / HIDDEN,ulterior,,"(adj, -ve) hidden (motives) + secret / hidden",PDF,,,,
SECRET / HIDDEN,undisclosed,,not made known,XLSX,,,,
SEPARATE / TAKE APART,compartmentalize,,separate into isolated compartments or categories,XLSX,,,,
SEPARATE / TAKE APART,decouple,,disconnect or separate,XLSX,,,,
SEPARATE / TAKE APART,delimit,,determine the essential quality of,XLSX,,,,
SEPARATE / TAKE APART,demarcate,,"separate clearly, as if by boundaries",XLSX,,,,
SEPARATE / TAKE APART,demarcation,,the boundary of a specific area,XLSX,,,,
SEPARATE / TAKE APART,detach,,cause to become detached or separated; take off,XLSX,,,,
SEPARATE / TAKE APART,dismantle,,"(verb, N) take apart piece by piece + separate / take apart",BOTH,,,,
SEPARATE / TAKE APART,divorce,,the legal dissolution of a marriage,XLSX,,,,
SEPARATE / TAKE APART,sever,,"(verb, N) cut off cleanly + separate / take apart",BOTH,,,,
SEPARATE / TAKE APART,severance,,a personal or social separation (as between opposing factions),GREG_MAT,,,,
SERVILE / FAWNING,fawn,,"(verb, -ve) flatter to please (verb) + servile / fawning",PDF,,,,
SERVILE / FAWNING,fawning,,show submission or fear,GREG_MAT,,,,
SERVILE / FAWNING,grovel,,"(verb, -ve) cringe pitifully (verb) + servile / fawning",PDF,,,,
SERVILE / FAWNING,ingratiate,,gain favor with somebody by deliberate efforts,XLSX,,,,
SERVILE / FAWNING,obsequious,,"(adj, -ve) excessively + servile / fawning",BOTH,,,,
SERVILE / FAWNING,subservience,,the condition of being something that is useful in reaching an end or carrying out a plan,GREG_MAT,,,,
SERVILE / FAWNING,subservient,,"(adj, -ve) slavishly obedient + servile / fawning",BOTH,,,,
SERVILE / FAWNING,sycophantic,,attempting to win favor from influential people by flattery,XLSX,,,,
SERVILE / FAWNING,unctuous,,unpleasantly and excessively suave or ingratiating in manner or speech,XLSX,,,,
SETTLE / RECONCILE,harmonize,,go together,XLSX,,,,
SETTLE / RECONCILE,mediate,,"(verb, +ve) arbitrate between sides + soothe / reconcile",BOTH,,,,
SETTLE / RECONCILE,mediation,,a negotiation to resolve differences that is conducted by some impartial party,GREG_MAT,,,,
SETTLE / RECONCILE,settle,,a long wooden bench with a back,XLSX,,,,
SHORT-LIVED,ephemeral,,"(adj, N) fleetingly (a day's life) + short-lived",BOTH,,,,
SHORT-LIVED,ephemerality,,the property of lasting for a very short time,XLSX,,,,
SHORT-LIVED,evanescent,,"(adj, N) vanishing like vapor + short-lived",BOTH,,,,
SHORT-LIVED,impermanence,,the property of not existing for indefinitely long durations,XLSX,,,,
SHORT-LIVED,momentary,,"(adj, N) for a moment only + short-lived",BOTH,,,,
SHORT-LIVED,perishable,,food that will decay rapidly if not refrigerated,XLSX,,,,
SHORT-LIVED,short-lived,,lasting a very short time,XLSX,,,,
SHORT-LIVED,transience,,an impermanence that suggests the inevitability of ending or dying,XLSX,,,,
SHORT-LIVED,transient,,"(adj, N) passing through + short-lived",BOTH,,,,
SHORT-LIVED,transitory,,"(adj, N) temporarily + short-lived",BOTH,,,,
SHOWY / ORNATE,baroque,,"(adj, N) extravagantly elaborate + showy / ornate",BOTH,,,,
SHOWY / ORNATE,flamboyance,,extravagant elaborateness,XLSX,,,,
SHOWY / ORNATE,flamboyant,,"(adj, N) colorfully + showy / ornate",BOTH,,,,
SHOWY / ORNATE,florid,,"(adj, -ve) overly flowery + showy / ornate | also: ruddy-faced",PDF,,,,
SHOWY / ORNATE,grandiose,,impressive because of unnecessary largeness or grandeur; used to show disapproval,XLSX,,,,
SHOWY / ORNATE,grandiosity,,high-flown style; excessive use of verbal ornamentation,XLSX,,,,
SHOWY / ORNATE,ornate,,"(adj, N) elaborately decorated + showy / ornate",BOTH,,,,
SHOWY / ORNATE,ostentation,,a gaudy outward display,XLSX,,,,
SHOWY / ORNATE,ostentatious,,"(adj, -ve) flashily attention-seeking + showy / ornate",PDF,,,,
SHOWY / ORNATE,ostentatiousness,,lack of elegance as a consequence of being pompous and puffed up with vanity,XLSX,,,,
SHOWY / OSTENTATIOUS,boast,,speaking of yourself in superlatives,XLSX,,,,
SHOWY / OSTENTATIOUS,braggadocio,,vain and empty boasting,XLSX,,,,
SHOWY / OSTENTATIOUS,braggart,,a very boastful and talkative person,XLSX,,,,
SHOWY / OSTENTATIOUS,decorative,,serving an esthetic rather than a useful purpose,XLSX,,,,
SHOWY / OSTENTATIOUS,dramatic,,suitable to or characteristic of drama,XLSX,,,,
SHOWY / OSTENTATIOUS,flourish,,a showy gesture,XLSX,,,,
SHOWY / OSTENTATIOUS,grandstand,,the audience at a stadium or racetrack,XLSX,,,,
SHOWY / OSTENTATIOUS,ornamental,,any plant grown for its beauty or ornamental value,XLSX,,,,
SHOWY / OSTENTATIOUS,sensational,,"(adj, N) excitingly + thrilling / exciting | also: exaggerated for shock",BOTH,,,,
SHOWY / OSTENTATIOUS,sensationalism,,subject matter that is calculated to excite and please vulgar tastes,XLSX,,,,
SHOWY / OSTENTATIOUS,sensationalize,,"[derivative of sensational] (adj, N) excitingly + thrilling / exciting | also: exaggerated for shock",GREG_MAT,,,,
SHOWY / OSTENTATIOUS,spectacular,,a lavishly produced performance,XLSX,,,,
SHOWY LANGUAGE / RHETORIC,felicity,,pleasing and appropriate manner or style (especially manner or style of expression),GREG_MAT,,,,
SHOWY LANGUAGE / RHETORIC,rhetoric,,"(noun, N) persuasive language (often 'empty rhetoric' = -ve)",BOTH,,,,
SKEPTICAL / DOUBTING,cynical,,believing the worst of human nature and motives; having a sneering disbelief in e.g. selflessness of others,XLSX,,,,
SKEPTICAL / DOUBTING,cynicism,,a cynical feeling of distrust,XLSX,,,,
SKEPTICAL / DOUBTING,doubt,,the state of being unsure of something,XLSX,,,,
SKEPTICAL / DOUBTING,dubious,,"(adj, -ve) doubtfully questionable + skeptical / doubting",BOTH,,,,
SKEPTICAL / DOUBTING,incredulity,,doubt about the truth of something,XLSX,,,,
SKEPTICAL / DOUBTING,incredulous,,"(adj, N) openly disbelieving + skeptical / doubting",BOTH,,,,
SKEPTICAL / DOUBTING,skeptical,,denying or questioning the tenets of especially a religion,XLSX,,,,
SKEPTICAL / DOUBTING,skepticism,,doubt about the truth of something,XLSX,,,,
SKILLED,adept,,"(adj, +ve) expertly + skilled",BOTH,,,,
SKILLED,adroit,,"(adj, +ve) dexterously + skilled",BOTH,,,,
SKILLED,adroitly,,with adroitness; in an adroit manner,XLSX,,,,
SKILLED,consummate,,fulfill sexually,XLSX,,,,
SKILLED,deft,,"(adj, +ve) nimbly, precisely + skilled",BOTH,,,,
SKILLED,dexterous,,"(adj, +ve) with skilled hands + skilled",PDF,,,,
SKILLED,expert,,a person with special knowledge or ability who performs skillfully,XLSX,,,,
SKILLED,facile,,arrived at without due care or effort; lacking depth,XLSX,,,,
SKILLED,nimble,,"(adj, +ve) quickly, agilely + skilled",PDF,,,,
SKILLED,proficient,,"(adj, +ve) competently + skilled",BOTH,,,,
SKILLED,resourceful,,"(adj, +ve) ingeniously + skilled",PDF,,,,
SKILLED,skilled,,having or showing or requiring special skill,XLSX,,,,
SKILLED,virtuosity,,technical skill or fluency or style exhibited by a virtuoso,XLSX,,,,
SLANDER / DEFAME,aspersion,,"(noun, -ve) a smearing remark (cast aspersions) + slander / defame",BOTH,,,,
SLANDER / DEFAME,belittlers,,slander; defame *,XLSX,,,,
SLANDER / DEFAME,calumnious,,(used of statements) harmful and often untrue; tending to discredit or malign,GREG_MAT,,,,
SLANDER / DEFAME,calumny,,"(noun, -ve) malicious false statements (noun) + slander / defame",PDF,,,,
SLANDER / DEFAME,defame,,"(verb, -ve) destroy a reputation + slander / defame",PDF,,,,
SLANDER / DEFAME,demonization,,to represent as diabolically evil,XLSX,,,,
SLANDER / DEFAME,impugn,,"(verb, -ve) questioning someone's honesty + attack",BOTH,,,,
SLANDER / DEFAME,indict,,accuse formally of a crime,XLSX,,,,
SLANDER / DEFAME,indictment,,"(noun, -ve) a formal accusation; damning evidence",BOTH,,,,
SLANDER / DEFAME,malign,,"(verb, -ve) speak evil of + slander / defame",BOTH,,,,
SLANDER / DEFAME,maligner,,one who attacks the reputation of another by slander or libel,XLSX,,,,
SLANDER / DEFAME,obloquy,,state of disgrace resulting from public abuse,XLSX,,,,
SLANDER / DEFAME,slander,,"(noun/verb, -ve) spoken defamation + slander / defame",PDF,,,,
SLANDER / DEFAME,slanderous,,(used of statements) harmful and often untrue; tending to discredit or malign,GREG_MAT,,,,
SLANDER / DEFAME,slur,,(music) a curved line spanning notes that are to be played legato,XLSX,,,,
SLANDER / DEFAME,vilifier,,one who attacks the reputation of another by slander or libel,XLSX,,,,
SLANDER / DEFAME,vilify,,"(verb, -ve) paint as a villain + slander / defame",BOTH,,,,
SLEEPY / SLEEP-RELATED,somnolent,,"(adj, N) drowsily + sleepy / sleep-related",BOTH,,,,
SLEEPY / SLEEP-RELATED,soporific,,"(adj/noun, -ve) boringly sleep-inducing + sleepy / sleep-related | also: a sleep aid (noun)",PDF,,,,
SMUG / SELF-SATISFIED,complacency,,the feeling you have when you are satisfied with yourself,XLSX,,,,
SMUG / SELF-SATISFIED,complacent,,"(adj, -ve) dangerously comfortable + smug / self-satisfied",BOTH,,,,
SMUG / SELF-SATISFIED,gloat,,"(verb, -ve) relishing others' failure (verb) + smug / self-satisfied",BOTH,,,,
SNOBBISH / CONDESCENDING,elitist,,"(noun/adj, -ve) exclusively + snobbish / condescending",BOTH,,,,
SNOBBISH / CONDESCENDING,patronize,,"(verb, -ve) talking down to people + snobbish / condescending | also: support (a",BOTH,,,,
SNOBBISH / CONDESCENDING,supercilious,,having or showing arrogant superiority to and disdain of those one views as unworthy; ; ; ; ; ; ; - W.L.Shirer,XLSX,,,,
SNOBBISH / CONDESCENDING,superior,,one of greater rank or station or quality,XLSX,,,,
SOCIABLE,congeniality,,compatibility between persons,XLSX,,,,
SOCIABLE,convivial,,"(adj, +ve) festively, warmly + sociable",BOTH,,,,
SOCIABLE,conviviality,,a jovial nature,XLSX,,,,
SOCIABLE,gregarious,,"(adj, +ve) naturally, crowd-loving + sociable",BOTH,,,,
SOCIABLE,personable,,(of persons) pleasant in appearance and personality,XLSX,,,,
SOCIABLE,sociability,,the relative tendency or disposition to be sociable or associate with one's fellows,XLSX,,,,
SOFTEN / MODERATE,alleviate,,"(verb, +ve) ease (suffering) + soothe / calm down",BOTH,,,,
SOFTEN / MODERATE,dampen,,smother or suppress,XLSX,,,,
SOFTEN / MODERATE,extenuate,,lessen or to try to lessen the seriousness or extent of,XLSX,,,,
SOFTEN / MODERATE,mitigate,,"(verb, +ve) soften (a bad thing) + decrease / lessen",BOTH,,,,
SOFTEN / MODERATE,mitigation,,to act in such a way as to cause an offense to seem less serious,XLSX,,,,
SOFTEN / MODERATE,moderate,,a person who takes a position in the political center,XLSX,,,,
SOFTEN / MODERATE,modulate,,"change the key of, in music",XLSX,,,,
SOFTEN / MODERATE,palliate,,lessen or to try to lessen the seriousness or extent of,XLSX,,,,
SOFTEN / MODERATE,relent,,"(verb, +ve) finally yield + soften / moderate",PDF,,,,
SOFTEN / MODERATE,temper,,"(verb/noun, N) with restraint + soften / moderate | also: mood (noun)",BOTH,,,,
SOLEMN / SERIOUS,sober,,"(adj/verb, N) serious, measured | not drunk",BOTH,,,,
SOLEMN / SERIOUS,solemn,,dignified and somber in manner or character and committed to keeping promises,XLSX,,,,
SOLEMN / SERIOUS,solemnity,,a trait of dignified seriousness,XLSX,,,,
SOLITARY / DETACHED,aloof,,"(adj, -ve) coldly distant + solitary / detached",PDF,,,,
SOLITARY / DETACHED,detachment,,avoiding emotional involvement,XLSX,,,,
SOLITARY / DETACHED,recluse,,"(noun, N) a hermit, loner (noun) + solitary / detached",PDF,,,,
SOLITARY / DETACHED,reclusive,,withdrawn from society; seeking solitude,GREG_MAT,,,,
SOLITARY / DETACHED,seclusion,,the quality of being secluded from the presence or view of others,XLSX,,,,
SOLITARY / DETACHED,solitary,,confinement of a prisoner in isolation from other prisoners,XLSX,,,,
SOLITARY / DETACHED,solitude,,a state of social isolation,XLSX,,,,
SOOTHE / CALM DOWN,allay,,lessen the intensity of or calm,XLSX,,,,
SOOTHE / CALM DOWN,appease,,"(verb, N) pacify by giving in (can imply weakness) + soothe / calm down",PDF,,,,
SOOTHE / CALM DOWN,appeasement,,the act of appeasing (as by acceding to the demands of),GREG_MAT,,,,
SOOTHE / CALM DOWN,assuage,,"(verb, +ve) relieve (pain, fears) + soothe / calm down",BOTH,,,,
SOOTHE / CALM DOWN,lull,,"(noun/verb, N) deceptively, into false security + soothe / calm down",BOTH,,,,
SOOTHE / CALM DOWN,mollify,,"(verb, +ve) calm someone's anger + soothe / reconcile",BOTH,,,,
SOOTHE / CALM DOWN,pacify,,"(verb, +ve) bring peace to + soothe / calm down",PDF,,,,
SOOTHE / CALM DOWN,quell,,suppress or crush completely,XLSX,,,,
SOOTHE / CALM DOWN,solace,,the comfort you feel when consoled in times of disappointment,XLSX,,,,
SOOTHE / CALM DOWN,soothe,,give moral or emotional strength to,XLSX,,,,
SOOTHE / RECONCILE,attune,,adjust or accustom to; bring into harmony with,XLSX,,,,
SOOTHE / RECONCILE,Conciliation,+,making peace,GREG_MAT,,,,
SOOTHE / RECONCILE,conciliatory,,"(adj, +ve) peace-making + soothe / reconcile",BOTH,,,,
SOOTHE / RECONCILE,detente,,"(noun, +ve) official easing of tension (noun) + soothe / reconcile",PDF,,,,
SOOTHE / RECONCILE,placate,,"(verb, +ve) pacify, appease + soothe / reconcile",PDF,,,,
SOOTHE / RECONCILE,placatory,,intended to pacify by acceding to demands or granting concessions,XLSX,,,,
SOOTHE / RECONCILE,propitiate,,"(verb, N) appease (a god, a power) + soothe / calm down",BOTH,,,,
SOOTHE / RECONCILE,reconcile,,"(verb, +ve) harmonize, settle + soothe / reconcile",PDF,,,,
SPECULATE / INFER,conjectural,,"(adj, N) guesswork-based (adj) + speculate / infer",BOTH,,,,
SPECULATE / INFER,conjecture,,a hypothesis that has been formed by speculating or conjecturing (usually with little hard evidence),XLSX,,,,
SPECULATE / INFER,derive,,reason by deduction; establish by deduction,GREG_MAT,,,,
SPECULATE / INFER,extrapolate,,"(verb, N) project from known data + speculate / infer",PDF,,,,
SPECULATE / INFER,extrapolation,,(mathematics) calculation of the value of a function outside the range of known values,XLSX,,,,
SPECULATE / INFER,infer,,reason by deduction; establish by deduction,XLSX,,,,
SPECULATE / INFER,presume,,take to be the case or to be true; accept without verification or proof,XLSX,,,,
SPECULATE / INFER,speculate,,"(verb, N) guess, conjecture + speculate / infer | also: gamble",PDF,,,,
SPECULATE / INFER,speculation,,a message expressing an opinion based on incomplete evidence,XLSX,,,,
SPECULATE / INFER,speculative,,not financially safe or secure,XLSX,,,,
SPECULATE / INFER,supposition,,a message expressing an opinion based on incomplete evidence,XLSX,,,,
SPECULATE / INFER,surmise,,a message expressing an opinion based on incomplete evidence,XLSX,,,,
SPEED UP,accelerate,,move faster,XLSX,,,,
SPEED UP,expedite,,"(verb, +ve) efficiently + speed up",BOTH,,,,
SPEED UP,expeditious,,marked by speed and efficiency,XLSX,,,,
SPEED UP,facilitate,,make easier,XLSX,,,,
SPREAD,diffuse,,"(verb/adj, N) thinly out + spread | also: wordy (adj)",BOTH,,,,
SPREAD,diffusion,,(physics) the process in which there is movement of a substance from an area of high concentration of that substance to an area of lower concentration,XLSX,,,,
SPREAD,dispense,,"(verb, N) distribute | 'dispense with' = do without",BOTH,,,,
SPREAD,dispersal,,the act of dispersing or diffusing something,XLSX,,,,
SPREAD,disperse,,"(verb, N) scatter apart + spread",BOTH,,,,
SPREAD,dispersion,,spreading widely or driving off,GREG_MAT,,,,
SPREAD,disseminate,,"(verb, N) (information) widely + spread",BOTH,,,,
SPREAD,propagate,,"(verb, N) multiplyingly (ideas, plants) + spread",PDF,,,,
SPREAD,scatter,,a haphazard distribution in all directions,XLSX,,,,
SPREAD,spread,,process or result of distributing or extending over a wide expanse of space,XLSX,,,,
STARTLE / SURPRISE,abash,,cause to be embarrassed; cause to feel self-conscious,XLSX,,,,
STARTLE / SURPRISE,aghast,,"(adj, -ve) horrified, shocked",BOTH,,,,
STARTLE / SURPRISE,astonish,,affect with wonder,XLSX,,,,
STARTLE / SURPRISE,bemuse,,cause to be confused emotionally,XLSX,,,,
STARTLE / SURPRISE,dazzle,,brightness enough to blind partially and temporarily,XLSX,,,,
STARTLE / SURPRISE,embarrass,,cause to be embarrassed; cause to feel self-conscious,XLSX,,,,
STARTLE / SURPRISE,fluster,,a disposition that is confused or nervous and upset,XLSX,,,,
STARTLE / SURPRISE,rattle,,a rapid series of short loud sounds (as might be heard with a stethoscope in some types of respiratory disorders),XLSX,,,,
STARTLE / SURPRISE,startle,,a sudden involuntary movement,XLSX,,,,
STARTLE / SURPRISE,stun,,make senseless or dizzy by or as if by a blow,XLSX,,,,
STARTLE / SURPRISE,stupefaction,,a feeling of stupefied astonishment,XLSX,,,,
STARTLE / SURPRISE,surprise,,the astonishment you feel when something totally unexpected happens to you,XLSX,,,,
STARTLE / SURPRISE,unnerve,,disturb the composure of,XLSX,,,,
STEADFAST,dogged,,"(adj, +ve) tenaciously persistent + steadfast",PDF,,,,
STEADFAST,firmness,,the muscle tone of healthy tissue,XLSX,,,,
STEADFAST,ironclad,,"(adj, N) unbreakably firm (rules, alibis) + steadfast",PDF,,,,
STEADFAST,resolute,,"(adj, +ve) firmly determined + steadfast",PDF,,,,
STEADFAST,stalwart,,"(adj/noun, +ve) reliably loyal + steadfast",BOTH,,,,
STEADFAST,steadfast,,"(adj, +ve) loyally unwavering + steadfast",PDF,,,,
STEADFAST,steadfastness,,loyalty in the face of trouble and difficulty,XLSX,,,,
STEADFAST,unwavering,,marked by firm determination or resolution; not shakable,XLSX,,,,
STINGY,miser,,a stingy hoarder of money and possessions (often living miserably),GREG_MAT,,,,
STINGY,miserly,,"(adj, -ve) tightfistedly + stingy",PDF,,,,
STINGY,parsimonious,,"(adj, -ve) unpleasantly over-frugal + stingy",BOTH,,,,
STINGY,penurious,,"(adj, -ve) meanly + stingy | also: poverty-stricken",PDF,,,,
STINGY,stingy,,unwilling to spend,XLSX,,,,
STINGY,stinting,,"(adj, -ve) sparingly, grudgingly + stingy",PDF,,,,
STRICT / HARSH,draconian,,"(adj, -ve) cruelly severe + strict / harsh",PDF,,,,
STRICT / HARSH,exacting,,"(adj, N) demandingly + strict / harsh",PDF,,,,
STRICT / HARSH,martinet,,"(noun, -ve) a rigidly strict disciplinarian",PDF,,,,
STRICT / HARSH,rigorous,,rigidly accurate; allowing no deviation from a standard,XLSX,,,,
STRICT / HARSH,severe,,intensely or extremely bad or unpleasant in degree or quality,XLSX,,,,
STRICT / HARSH,stern,,"(adj, N) firmly + strict / harsh",BOTH,,,,
STRICT / HARSH,strictness,,conscientious attention to rules and details,XLSX,,,,
STRICT / HARSH,stringency,,a state occasioned by scarcity of money and a shortage of credit,XLSX,,,,
STRICT / HARSH,stringent,,"(adj, N) rigorously (rules) + strict / harsh",BOTH,,,,
STRICT / HARSH,uncompromising,,not making concessions,XLSX,,,,
STRONG,hardy,,United States slapstick comedian who played the pompous and overbearing member of the Laurel and Hardy duo who made many films (1892-1957),XLSX,,,,
STRONG,powerful,,having great power or force or potency or effect,XLSX,,,,
STRONG,resilience,,the physical property of a material that can return to its original shape or position after deformation that does not exceed its elastic limit,XLSX,,,,
STRONG,resilient,,"(adj, +ve) bouncing back from setbacks",BOTH,,,,
STRONG,robust,,"(adj, +ve) vigorously + strong",BOTH,,,,
STRONG,strong,,having strength or power greater than average or expected,XLSX,,,,
STRONG,vigorous,,characterized by forceful and energetic action or activity,XLSX,,,,
STRONG DISLIKE,abhor,,"(verb, -ve) detest, loathe intensely",BOTH,,,,
STRONG DISLIKE,abhorrent,,offensive to the mind,XLSX,,,,
STRONG DISLIKE,abomination,,a person who is loathsome or disgusting,XLSX,,,,
STRONG DISLIKE,antipathy,,"(noun, -ve) instinctive + strong dislike",PDF,,,,
STRONG DISLIKE,aversion,,"(noun, -ve) avoidance-driven + strong dislike",BOTH,,,,
STRONG DISLIKE,detestation,,hate coupled with disgust,XLSX,,,,
STRONG DISLIKE,disinclination,,that toward which you are inclined to feel dislike,XLSX,,,,
STRONG DISLIKE,execrate,,find repugnant,XLSX,,,,
STRONG DISLIKE,loath,,unwillingness to do something contrary to your custom,XLSX,,,,
STUBBORN,adamant,,very hard native crystalline carbon valued as a gem,XLSX,,,,
STUBBORN,headstrong,,"(adj, -ve) willfully deaf to advice + stubborn",PDF,,,,
STUBBORN,implacable,,"(adj, -ve) impossible to appease, relentless",BOTH,,,,
STUBBORN,intractability,,the trait of being hard to influence or control,XLSX,,,,
STUBBORN,intractable,,not tractable; difficult to manage or mold,XLSX,,,,
STUBBORN,intransigence,,the trait of being intransigent; stubbornly refusing to compromise,XLSX,,,,
STUBBORN,intransigent,,"(adj, -ve) refusing all compromise + stubborn",BOTH,,,,
STUBBORN,obduracy,,resoluteness by virtue of being unyielding and inflexible,XLSX,,,,
STUBBORN,obdurate,,"(adj, -ve) hard-heartedly + stubborn",BOTH,,,,
STUBBORN,obstinate,,"(adj, -ve) unreasonably + stubborn",PDF,,,,
STUBBORN,pertinacious,,"(adj, N) persistently (grit or pig-headedness) + stubborn",PDF,,,,
STUBBORN,recalcitrant,,stubbornly resistant to authority or control,XLSX,,,,
STUBBORN,stubborn,,tenaciously unwilling or marked by tenacious unwillingness to yield,XLSX,,,,
STUBBORN,unyielding,,stubbornly unyielding; ; ; ; - T.S.Eliot,XLSX,,,,
SUBORDINATE / SECONDARY,adjunct,,something added to another thing but not an essential part of it,XLSX,,,,
SUBORDINATE / SECONDARY,subordinate,,"(adj/noun, N) lower in rank; a junior",BOTH,,,,
SUBORDINATE / SECONDARY,supplement,,textual matter that is added onto a publication; usually at the end,XLSX,,,,
SUBORDINATE / SECONDARY,supplementary,,functioning in a supporting capacity,XLSX,,,,
SUBSTITUTE / GO-BETWEEN,intermediary,,"(noun, N) a mediating + substitute / go-between",BOTH,,,,
SUBSTITUTE / GO-BETWEEN,proxy,,"(noun, N) an authorized + substitute / go-between",PDF,,,,
SUBSTITUTE / GO-BETWEEN,substitute,,a person or thing that takes or can take the place of another,XLSX,,,,
SUBSTITUTE / GO-BETWEEN,surrogate,,"(noun/adj, N) a replacement + substitute / go-between",PDF,,,,
SUCCEED / EMERGE,emerge,,"come out into view, as from concealment",XLSX,,,,
SUCCEED / EMERGE,materialize,,come into being; become reality,XLSX,,,,
SUFFER / ENDURE,brook,,"(verb, N) tolerate, endure (usu. 'brook no...')",BOTH,,,,
SUFFER / ENDURE,persist,,continue to exist,XLSX,,,,
SUFFER / ENDURE,withstand,,"(verb, +ve) resist, endure successfully",BOTH,,,,
SUPERFICIAL / SHALLOW,shallow,,a stretch of shallow water,XLSX,,,,
SUPERFICIAL / SHALLOW,superficial,,"(adj, -ve) shallow, surface-level only",BOTH,,,,
SUPERFICIAL / SHALLOW,superficially,,in a superficial manner,XLSX,,,,
SUPERFLUOUS / EXCESSIVE,glut,,the quality of being so overabundant that prices fall,XLSX,,,,
SUPERFLUOUS / EXCESSIVE,overconfident,,marked by excessive confidence,XLSX,,,,
SUPERFLUOUS / EXCESSIVE,overeager,,excessively eager,XLSX,,,,
SUPERFLUOUS / EXCESSIVE,overemphasize,,place special or excessive emphasis on,XLSX,,,,
SUPERFLUOUS / EXCESSIVE,overextend,,strain excessively,XLSX,,,,
SUPERFLUOUS / EXCESSIVE,overreach,,fail by aiming too high or trying too hard,XLSX,,,,
SUPPORT,bolster,,"(verb, +ve) prop up, reinforce + support",BOTH,,,,
SUPPORT,buttress,,"(noun/verb, +ve) structurally reinforce + support",BOTH,,,,
SUPPORT,champion,,"(verb/noun, +ve) fight for, defend + support",PDF,,,,
SUPPORT,reinforce,,make stronger,XLSX,,,,
SUPPORT,support,,the activity of providing for or maintaining by supplying with money or necessities,XLSX,,,,
SUPPORT,sustain,,lengthen or extend in duration or space,XLSX,,,,
SUPPORT,uphold,,keep or maintain in unaltered condition; cause to remain or last,XLSX,,,,
SUPPORTIVE / FAVORABLE,appreciative,,feeling or expressive of gratitude,XLSX,,,,
SUPPORTIVE / FAVORABLE,receptivity,,willingness or readiness to receive (especially impressions or ideas),XLSX,,,,
SURPASS / EXCEED,eclipse,,"(noun/verb, +ve) overshadow completely + surpass / exceed",BOTH,,,,
SURPASS / EXCEED,outdo,,be or do something to a greater degree,XLSX,,,,
SURPASS / EXCEED,outstrip,,"(verb, +ve) race past + surpass / exceed",BOTH,,,,
SURPASS / EXCEED,overshadow,,be greater in significance than,XLSX,,,,
SURPASS / EXCEED,surpass,,distinguish oneself,XLSX,,,,
SURPASS / EXCEED,transcend,,"(verb, +ve) rise above + surpass / exceed",BOTH,,,,
SURVIVING,extant,,"(adj, N) still existing, surviving",PDF,,,,
SURVIVING,survival,,a state of surviving; remaining alive,XLSX,,,,
SUSCEPTIBLE / VULNERABLE,permeable,,allowing fluids or gases to pass or diffuse through,XLSX,,,,
SUSCEPTIBLE / VULNERABLE,porous,,able to absorb fluids,XLSX,,,,
SUSCEPTIBLE / VULNERABLE,vulnerable,,susceptible to attack,XLSX,,,,
SYMBOLIC / FIGURATIVE,allegorical,,"(adj, N) story-as-symbol + symbolic / figurative",PDF,,,,
SYMBOLIC / FIGURATIVE,allusive,,"(adj, N) indirectly referential + symbolic / figurative",PDF,,,,
SYMBOLIC / FIGURATIVE,emblematic,,serving as a visible symbol for something abstract,XLSX,,,,
SYMBOLIC / FIGURATIVE,figurative,,"(adj, N) non-literal + symbolic / figurative",PDF,,,,
SYMBOLIC / FIGURATIVE,metaphor,,a figure of speech in which an expression is used to refer to something that it does not literally denote in order to suggest a similarity,XLSX,,,,
SYMBOLIC / FIGURATIVE,metaphoric,,expressing one thing in terms normally denoting another,XLSX,,,,
SYMBOLIC / FIGURATIVE,metaphorical,,"(adj, N) metaphor-based + symbolic / figurative",BOTH,,,,
SYMBOLIC / FIGURATIVE,representative,,a person who represents others,XLSX,,,,
SYMBOLIC / FIGURATIVE,symbolic,,relating to or using or proceeding by means of symbols,XLSX,,,,
SYMBOLIC / FIGURATIVE,totemic,,relating to totemism,XLSX,,,,
TALKATIVE,effusive,,uttered with unrestrained enthusiasm,XLSX,,,,
TALKATIVE,effusiveness,,a friendly open trait of a talkative person,XLSX,,,,
TALKATIVE,garrulity,,the quality of being wordy and talkative,XLSX,,,,
TALKATIVE,garrulous,,"(adj, -ve) annoyingly rambling + talkative",BOTH,,,,
TALKATIVE,loquacious,,"(adj, N) just chatty + talkative",BOTH,,,,
TALKATIVE,loquacity,,the quality of being wordy and talkative,GREG_MAT,,,,
TALKATIVE,voluble,,"(adj, +ve) fluently, easily + talkative",BOTH,,,,
TEMPERAMENT / CHARACTER,ethos,,(anthropology) the distinctive spirit of a culture or an era,XLSX,,,,
TEMPERAMENT / CHARACTER,spirit,,the vital principle or animating force within living things,XLSX,,,,
TENDENCY / LIKING,affinity,,"(noun, +ve) natural attraction or kinship",BOTH,,,,
TENDENCY / LIKING,envy,,a feeling of grudging admiration and desire to have something that is possessed by another,XLSX,,,,
TENDENCY / LIKING,inclination,,an attitude of mind especially one that favors one alternative over others,GREG_MAT,,,,
TENDENCY / LIKING,inclined,,"(adj, N) tending, disposed (adj) + tendency / liking",PDF,,,,
TENDENCY / LIKING,penchant,,"(noun, +ve) a strong liking + tendency / liking",PDF,,,,
TENDENCY / LIKING,predilection,,"(noun, +ve) a preferential + tendency / liking",BOTH,,,,
TENDENCY / LIKING,proclivity,,"(noun, N) a natural (often bad-habit) + tendency / liking",BOTH,,,,
TENDENCY / LIKING,propensity,,"(noun, N) an innate, built-in + tendency / liking",PDF,,,,
TENDENCY / LIKING,tendency,,an attitude of mind especially one that favors one alternative over others,XLSX,,,,
TENTATIVE / PROVISIONAL,contingency,,a possible event or occurrence or result,XLSX,,,,
TENTATIVE / PROVISIONAL,contingent,,a gathering of persons representative of some larger group,XLSX,,,,
TENTATIVE / PROVISIONAL,half-formulated,,tentative; provisional,XLSX,,,,
TENTATIVE / PROVISIONAL,provisional,,under terms not final or fully worked out or agreed upon,XLSX,,,,
THRILLING / EXCITING,exhilarate,,fill with sublime emotion,XLSX,,,,
THRILLING / EXCITING,exhilarating,,"(adj, +ve) invigoratingly + thrilling / exciting",PDF,,,,
THRILLING / EXCITING,exhilaration,,the feeling of lively and cheerful joy,XLSX,,,,
THRILLING / EXCITING,heady,,"(adj, +ve) intoxicatingly + thrilling / exciting",PDF,,,,
TIMID,cowardice,,the trait of lacking courage,XLSX,,,,
TIMID,cowardly,,lacking courage; ignobly timid and faint-hearted; - P.B.Shelley,XLSX,,,,
TIMID,cower,,crouch or curl up,XLSX,,,,
TIMID,craven,,"(adj, -ve) contemptibly cowardly + timid",PDF,,,,
TIMID,diffidence,,lack of self-confidence,XLSX,,,,
TIMID,diffident,,"(adj, N) shyly self-doubting + timid",BOTH,,,,
TIMID,shy,,a quick throw,XLSX,,,,
TIMID,skittish,,"(adj, -ve) nervously jumpy + timid",PDF,,,,
TIMID,timidity,,fear of the unknown or unfamiliar or fear of making decisions,XLSX,,,,
TIMID,timorous,,"(adj, -ve) fearfully + timid",PDF,,,,
TINY,diminutive,,"(adj, N) charmingly + tiny",BOTH,,,,
TINY,minuscule,,the characters that were once kept in bottom half of a compositor's type case,XLSX,,,,
TINY,minute,,"(adj/noun, N) microscopically + tiny | also: detailed",PDF,,,,
TINY,modicum,,a small or moderate or token amount; - Ian Jack,XLSX,,,,
TIRED / WEARY,fatigue,,temporary loss of strength and energy resulting from hard physical or mental work,GREG_MAT,,,,
TIRED / WEARY,halfhearted,,feeling or showing little interest or enthusiasm,XLSX,,,,
TIRED / WEARY,tepid,,"(adj, -ve) lukewarmly unenthusiastic + indifferent",BOTH,,,,
TIRED / WEARY,weary,,"(adj, -ve) tired, worn out",PDF,,,,
TRANSFER / DELEGATE,delegate,,a person appointed or elected to represent others,XLSX,,,,
TRANSFER / DELEGATE,devolve,,pass on or delegate to another,XLSX,,,,
TRANSFER / DELEGATE,relegation,,authorizing subordinates to make certain decisions,GREG_MAT,,,,
TRANSFORM / CHANGE,metamorphose,,change completely the nature or appearance of,XLSX,,,,
TRANSFORM / CHANGE,morph,,cause to change shape in a computer animation,XLSX,,,,
TRANSFORM / CHANGE,transformation,,a qualitative change,XLSX,,,,
TRICKERY,ploy,,"(noun, N) a calculated tactic + trickery",BOTH,,,,
TRICKERY,skullduggery,,"(noun, -ve) underhanded + trickery",BOTH,,,,
TRITE / OVERUSED,banal,,"(adj, -ve) tritely unoriginal + ordinary / dull",BOTH,,,,
TRITE / OVERUSED,banality,,a trite or obvious remark,XLSX,,,,
TRITE / OVERUSED,bromide,,"(noun, -ve) a soothing but empty cliché (noun) + trite / overused",PDF,,,,
TRITE / OVERUSED,bromidic,,given to uttering bromides,XLSX,,,,
TRITE / OVERUSED,cliché,,trite; overused,XLSX,,,,
TRITE / OVERUSED,hackneyed,,"(adj, -ve) worn-out from overuse + trite / overused",BOTH,,,,
TRITE / OVERUSED,hackneyedness,,trite; overused,XLSX,,,,
TRITE / OVERUSED,platitude,,"(noun, -ve) a hollow moralizing cliché (noun) + trite / overused",PDF,,,,
TRITE / OVERUSED,platitudinous,,dull and tiresome but with pretensions of significance or originality,XLSX,,,,
TRITE / OVERUSED,staleness,,unoriginality as a result of being dull and hackneyed,XLSX,,,,
TRITE / OVERUSED,triteness,,unoriginality as a result of being dull and hackneyed,XLSX,,,,
TRIUMPH / OVERCOME,overcome,,win a victory over,XLSX,,,,
TRIUMPH / OVERCOME,prevail,,"(verb, +ve) win out + triumph / overcome | also: predominate",PDF,,,,
TRIUMPH / OVERCOME,surmount,,"(verb, +ve) climb over, overcome + triumph / overcome",BOTH,,,,
TRIUMPH / OVERCOME,triumph,,a successful ending of a struggle or contest,XLSX,,,,
TRIUMPH / OVERCOME,vanquish,,"(verb, +ve) decisively conquer + triumph / overcome",PDF,,,,
TRIVIAL,frivolity,,the trait of being frivolous; not serious or sensible,GREG_MAT,,,,
TRIVIAL,frivolous,,"(adj, -ve) unseriously silly + trivial",BOTH,,,,
TRIVIAL,inconsequential,,lacking worth or importance,XLSX,,,,
TRIVIAL,insignificant,,not worthy of notice,XLSX,,,,
TRIVIAL,negligible,,so small as to be meaningless; insignificant,XLSX,,,,
TRIVIAL,nominal,,"(adj, N) in name only, token + trivial",PDF,,,,
TRIVIAL,nugatory,,of no real value,XLSX,,,,
TRIVIAL,paltry,,"(adj, -ve) insultingly meager + scarce",BOTH,,,,
TRIVIAL,petty,,larceny of property having a value less than some amount (the amount varies by locale),XLSX,,,,
TRIVIAL,token,,"(noun/adj, N) a symbol | merely nominal (token gesture = -ve)",PDF,,,,
TRIVIAL,trifle,,"a cold pudding made of layers of sponge cake spread with fruit or jelly; may be decorated with nuts, cream, or chocolate",XLSX,,,,
TRIVIAL,trifling,,"(adj, -ve) negligibly + trivial",PDF,,,,
TRIVIAL,trivial,,"(adj, -ve) insignificantly + trivial",BOTH,,,,
TRIVIAL,triviality,,the quality of being unimportant and petty or frivolous,GREG_MAT,,,,
TRIVIAL,trivialize,,make trivial or insignificant,XLSX,,,,
TROUBLE / AGITATE,convulsion,,a sudden uncontrollable attack,XLSX,,,,
TROUBLE / AGITATE,disarray,,a mental state characterized by a lack of clear and orderly thought and behavior,XLSX,,,,
TROUBLE / AGITATE,disorganize,,remove the organization from,XLSX,,,,
TROUBLE / AGITATE,displacement,,act of taking the place of another especially using underhanded tactics,XLSX,,,,
TROUBLE / AGITATE,disruption,,an act of delaying or interrupting the continuity,XLSX,,,,
TROUBLE / AGITATE,disruptive,,characterized by unrest or disorder or insubordination,XLSX,,,,
TROUBLE / AGITATE,upheaval,,a state of violent disturbance and disorder (as in politics or social conditions generally),XLSX,,,,
TRUSTWORTHY / RELIABLE,dependable,,worthy of reliance or trust,XLSX,,,,
TRUSTWORTHY / RELIABLE,loyal,,steadfast in allegiance or duty,XLSX,,,,
UNCONVENTIONAL / ODD,aberrant,,"(adj, -ve) deviantly abnormal + unconventional / odd",BOTH,,,,
UNCONVENTIONAL / ODD,anomalous,,"(adj, N) abnormally irregular + unconventional / odd",BOTH,,,,
UNCONVENTIONAL / ODD,atypical,,"not representative of a group, class, or type",XLSX,,,,
UNCONVENTIONAL / ODD,eccentric,,"(adj, N) harmlessly odd + unconventional / odd",BOTH,,,,
UNCONVENTIONAL / ODD,eccentricity,,strange and unconventional behavior,GREG_MAT,,,,
UNCONVENTIONAL / ODD,exotic,,"(adj, N) foreign, unusually + unconventional / odd",BOTH,,,,
UNCONVENTIONAL / ODD,idiosyncrasy,,a behavioral attribute that is distinctive and peculiar to an individual,XLSX,,,,
UNCONVENTIONAL / ODD,idiosyncratic,,"(adj, N) distinctively personal + unconventional / odd",BOTH,,,,
UNCONVENTIONAL / ODD,outlandish,,"(adj, -ve) bizarrely strange + unconventional / odd",BOTH,,,,
UNCONVENTIONAL / ODD,peculiar,,"(adj, N) strange | distinctive to",PDF,,,,
UNCONVENTIONAL / ODD,peculiarity,,an odd or unusual characteristic,XLSX,,,,
UNCONVENTIONAL / ODD,quirky,,"(adj, N) offbeat, peculiar + unconventional / odd",BOTH,,,,
UNCONVENTIONAL / ODD,singular,,the form of a word that is used to denote a singleton,XLSX,,,,
UNCONVENTIONAL / ODD,uncharacteristic,,distinctive and not typical,XLSX,,,,
UNCONVENTIONAL / ODD,unorthodox,,independent in behavior or thought,XLSX,,,,
UNDERMINE,destabilize,,become unstable,XLSX,,,,
UNDERMINE,erode,,become ground down or deteriorate,XLSX,,,,
UNDERMINE,subvert,,"(verb, -ve) secretly overthrow + undermine",BOTH,,,,
UNDERMINE,undercut,,"(verb, -ve) weaken from beneath + undermine",BOTH,,,,
UNDERMINE,undermine,,"(verb, -ve) sabotage from below + undermine",BOTH,,,,
UNEMOTIONAL,callous,,"(adj, -ve) heartlessly + unfeeling",PDF,,,,
UNEMOTIONAL,impassive,,having or revealing little emotion or sensibility; not easily aroused or excited; ; - Nordhoff & Hall; -Virginia Woolf,XLSX,,,,
UNEMOTIONAL,phlegm,,apathy demonstrated by an absence of emotional reactions,GREG_MAT,,,,
UNEMOTIONAL,phlegmatic,,"(adj, N) unemotionally calm + indifferent",BOTH,,,,
UNEMOTIONAL,stoic,,"(adj/noun, +ve) nobly enduring hardship + unemotional",PDF,,,,
UNEMOTIONAL,stoicism,,an indifference to pleasure or pain,XLSX,,,,
UNEMOTIONAL,stolid,,"(adj, N) dully impassive (can imply slow) + unemotional",PDF,,,,
UNEMOTIONAL,unfeeling,,devoid of feeling for others,XLSX,,,,
UNEMOTIONAL,unmoved,,emotionally unmoved,XLSX,,,,
UNIFORM,consistent,,(sometimes followed by `with') in agreement or consistent or reliable; ; - FDR,XLSX,,,,
UNIFORM,homogeneity,,the quality of being similar or comparable in kind or nature,XLSX,,,,
UNIFORM,homogeneous,,"(adj, N) all alike + uniform",BOTH,,,,
UNIFORM,monolithic,,imposing in size or bulk or solidity,XLSX,,,,
UNIFORM,unidimensional,,relating to a single dimension or aspect; having no depth or scope; - Mary Sheehan,XLSX,,,,
UNIFORM,uniform,,clothing of distinctive design worn by members of a particular group as a means of identification,XLSX,,,,
UNIFORM,uniformity,,a condition in which everything is regular and unvarying,XLSX,,,,
UNNECESSARY / EXTRA,extraneous,,"(adj, -ve) irrelevantly + unnecessary / extra",BOTH,,,,
UNNECESSARY / EXTRA,gratuitous,,"(adj, -ve) unwarrantedly + unnecessary / extra | also: free",PDF,,,,
UNNECESSARY / EXTRA,inessential,,anything that is not essential,XLSX,,,,
UNNECESSARY / EXTRA,redundancy,,repetition of messages to reduce the probability of errors in transmission,XLSX,,,,
UNNECESSARY / EXTRA,redundant,,"(adj, -ve) repetitively + unnecessary / extra",BOTH,,,,
UNNECESSARY / EXTRA,superfluous,,"(adj, -ve) excessively + unnecessary / extra",BOTH,,,,
UNNECESSARY / EXTRA,surplus,,a quantity much larger than is needed,XLSX,,,,
UNNECESSARY / EXTRA,tangential,,"(adj, N) off-topic, side-tracking + unnecessary / extra",PDF,,,,
UNNECESSARY / EXTRA,unnecessary,,not necessary,XLSX,,,,
UNSTABLE / RISKY,instability,,an unstable order,XLSX,,,,
UNSTABLE / RISKY,precarious,,"(adj, -ve) teeteringly + unstable / risky",BOTH,,,,
UNSTABLE / RISKY,tenuous,,"(adj, -ve) flimsily thin + weak",BOTH,,,,
UNSTABLE / RISKY,unsteady,,subject to change or variation,XLSX,,,,
URGE ON,exhort,,"(verb, +ve) encouragingly + urge on",PDF,,,,
URGE ON,prompt,,a cue given to a performer (usually the beginning of the next line to be spoken),XLSX,,,,
URGE ON,spur,,a verbalization that encourages you to attempt something,XLSX,,,,
VAGUE / UNCLEAR,amorphous,,"(adj, N) shapeless, formless",BOTH,,,,
VAGUE / UNCLEAR,formlessness,,vague; unclear,XLSX,,,,
VAGUE / UNCLEAR,imprecise,,not precise,XLSX,,,,
VAGUE / UNCLEAR,imprecision,,the quality of lacking precision,XLSX,,,,
VAGUE / UNCLEAR,indefinite,,"(adj, N) unclear, vague | without limit",PDF,,,,
VAGUE / UNCLEAR,indeterminacy,,the quality of being vague and poorly defined,XLSX,,,,
VAGUE / UNCLEAR,indiscernible,,difficult or impossible to perceive or discern,XLSX,,,,
VAGUE / UNCLEAR,nuanced,,vague; unclear,XLSX,,,,
VAGUE / UNCLEAR,obtuseness,,the quality of being slow to understand,XLSX,,,,
VAGUE / UNCLEAR,subtle,,"(adj, +ve) faintly understated, refined",BOTH,,,,
VAGUE / UNCLEAR,subtlety,,a subtle difference in meaning or opinion or attitude,XLSX,,,,
VAGUE / UNCLEAR,vague,,not clearly understood or expressed; ; -Anatole Broyard; - P.A.Sorokin; - John Locke,XLSX,,,,
VAGUE / UNCLEAR,vagueness,,unclearness by virtue of being poorly expressed or not coherent in meaning,XLSX,,,,
VAIN / SELF-OBSESSED,egotism,,an exaggerated opinion of your own importance,XLSX,,,,
VAIN / SELF-OBSESSED,egotistical,,characteristic of those having an inflated idea of their own importance,XLSX,,,,
VAIN / SELF-OBSESSED,megalomaniacal,,suffering from megalomania,XLSX,,,,
VAIN / SELF-OBSESSED,narcissism,,"(noun, -ve) vanity itself (noun) + vain / self-obsessed",PDF,,,,
VAIN / SELF-OBSESSED,narcissistic,,characteristic of those having an inflated idea of their own importance,XLSX,,,,
VAIN / SELF-OBSESSED,pride,,a feeling of self-respect and personal worth,XLSX,,,,
VAIN / SELF-OBSESSED,self-aggrandizement,,an act undertaken to increase your own power and influence or to draw attention to your own importance,GREG_MAT,,,,
VAIN / SELF-OBSESSED,self-aggrandizing,,of or relating to or characteristic of self-aggrandizement,XLSX,,,,
VAIN / SELF-OBSESSED,self-indulgent,,"(adj, -ve) hedonistically + vain / self-obsessed",PDF,,,,
VAIN / SELF-OBSESSED,self-serving,,interested only in yourself,XLSX,,,,
VAIN / SELF-OBSESSED,vainglorious,,feeling self-importance,XLSX,,,,
WASTEFUL / EXTRAVAGANT,exorbitance,,excessive excess,XLSX,,,,
WASTEFUL / EXTRAVAGANT,exorbitant,,"(adj, -ve) outrageously overpriced + wasteful / extravagant",PDF,,,,
WASTEFUL / EXTRAVAGANT,extravagance,,the quality of exceeding the appropriate limits of decorum or probability or truth,GREG_MAT,,,,
WASTEFUL / EXTRAVAGANT,extravagant,,"(adj, -ve) excessively + wasteful / extravagant",BOTH,,,,
WASTEFUL / EXTRAVAGANT,extravagantly,,in an abundant manner,XLSX,,,,
WASTEFUL / EXTRAVAGANT,lavish,,"(adj/verb, N) abundantly + wasteful / extravagant | also: bestow generously",PDF,,,,
WASTEFUL / EXTRAVAGANT,lavishly,,in a wasteful manner,XLSX,,,,
WASTEFUL / EXTRAVAGANT,opulence,,wealth as evidenced by sumptuous living,XLSX,,,,
WASTEFUL / EXTRAVAGANT,prodigal,,"(adj/noun, -ve) recklessly + wasteful / extravagant",PDF,,,,
WASTEFUL / EXTRAVAGANT,profligacy,,the trait of spending extravagantly,XLSX,,,,
WASTEFUL / EXTRAVAGANT,profligate,,"(adj/noun, -ve) shamelessly + wasteful / extravagant",BOTH,,,,
WASTEFUL / EXTRAVAGANT,spendthrift,,"(noun, -ve) a wasteful spender (noun) + wasteful / extravagant",PDF,,,,
WASTEFUL / EXTRAVAGANT,squander,,"(verb, -ve) throw away, waste (verb) + wasteful / extravagant",PDF,,,,
WEAK,debilitating,,"(adj, -ve) cripplingly draining + weak",PDF,,,,
WEAK,feeble,,"(adj, -ve) frailly + weak",BOTH,,,,
WEAK,fragile,,easily broken or damaged or destroyed,XLSX,,,,
WEAK,fragility,,quality of being easily damaged or destroyed,XLSX,,,,
WEAK,frailty,,"(noun, -ve) fragile, delicate (noun) + weak",PDF,,,,
WEAK,impotence,,the quality of lacking strength or power; being weak and feeble,XLSX,,,,
WEAK,weak,,wanting in physical strength,XLSX,,,,
WEAKEN,debilitate,,make weak,XLSX,,,,
WEAKEN,enervate,,"(verb, -ve) drain of strength (verb) + weak",BOTH,,,,
WEAKEN,enfeeble,,make weak,GREG_MAT,,,,
WEAKEN,weaken,,lessen the strength of,XLSX,,,,
WIDESPREAD,endemic,,"(adj, N) natively prevalent (to a region) + widespread",BOTH,,,,
WIDESPREAD,omnipresence,,the state of being everywhere at once (or seeming to be everywhere at once),XLSX,,,,
WIDESPREAD,omnipresent,,"(adj, N) everywhere at once + widespread",BOTH,,,,
WIDESPREAD,pervasive,,"(adj, N) seeping-everywhere + widespread",BOTH,,,,
WIDESPREAD,pervasiveness,,the quality of filling or spreading throughout,GREG_MAT,,,,
WIDESPREAD,prevalent,,most frequent or common,XLSX,,,,
WIDESPREAD,rampant,,"(adj, -ve) uncontrollably + widespread",BOTH,,,,
WIDESPREAD,ubiquitous,,"(adj, N) found everywhere + widespread",BOTH,,,,
WIDESPREAD,ubiquity,,the state of being everywhere at once (or seeming to be everywhere at once),XLSX,,,,
WIDESPREAD,universal,,"(adj, N) generally + widespread",BOTH,,,,
WINDING,circuitous,,marked by obliqueness or indirection in speech or conduct,XLSX,,,,
WINDING,sinuous,,"(adj, N) gracefully curvy + winding",PDF,,,,
WINDING,tortuous,,"(adj, N) windingly (paths, arguments) + complex",BOTH,,,,
WISE / SHREWD,astute,,"(adj, +ve) sharply perceptive + wise / shrewd",BOTH,,,,
WISE / SHREWD,canny,,"(adj, +ve) cleverly + wise / shrewd",BOTH,,,,
WISE / SHREWD,judicious,,"(adj, +ve) with sound judgment + cautious",BOTH,,,,
WISE / SHREWD,perspicacious,,"(adj, +ve) piercingly perceptive + wise / shrewd",PDF,,,,
WISE / SHREWD,sagacious,,"(adj, +ve) deeply, experience + wise / shrewd",BOTH,,,,
WISE / SHREWD,sagaciousness,,the mental ability to understand and discriminate between relations,XLSX,,,,
WISE / SHREWD,sage,,a mentor in spiritual and philosophical topics who is renowned for profound wisdom,XLSX,,,,
WISE / SHREWD,shrewd,,"(adj, N) cunningly (a self-interested edge) + wise / shrewd",BOTH,,,,
WISE / SHREWD,wisdom,,accumulated knowledge or erudition or enlightenment,XLSX,,,,
WORDY,bombast,,pompous or pretentious talk or writing,XLSX,,,,
WORDY,bombastic,,"(adj, -ve) pompously inflated (speech) + showy / ornate",BOTH,,,,
WORDY,long-winded,,using or containing too many words,XLSX,,,,
WORDY,prolix,,"(adj, -ve) boringly long-winded + talkative",BOTH,,,,
WORDY,prolixity,,boring verbosity,XLSX,,,,
WORDY,verbose,,"(adj, -ve) too wordy + talkative",BOTH,,,,
WORDY,verbosity,,an expressive style that uses excessive or empty words,GREG_MAT,,,,
WORLDLY / BROAD-MINDED,cosmopolitan,,"(adj, +ve) sophisticatedly + worldly / broad-minded",BOTH,,,,
WORLDLY / BROAD-MINDED,cosmopolitanism,,worldly; broad-minded,XLSX,,,,
WORLDLY / BROAD-MINDED,open-minded,,ready to entertain new ideas,XLSX,,,,
WORRY / DREAD,anxiety,,"(psychiatry) a relatively permanent state of worry and nervousness occurring in a variety of mental disorders, usually accompanied by compulsive behavior or attacks of panic",XLSX,,,,
WORRY / DREAD,anxious,,eagerly desirous,XLSX,,,,
WORRY / DREAD,apprehension,,"(noun, -ve) anxious (noun) + worry / dread | also: arrest",BOTH,,,,
WORRY / DREAD,apprehensive,,quick to understand; - Nathaniel Hawthorne,XLSX,,,,
WORRY / DREAD,consternation,,fear resulting from the awareness of danger,XLSX,,,,
WORRY / DREAD,disquiet,,a feeling of mild anxiety about possible developments,XLSX,,,,
WORRY / DREAD,fret,,"(verb/noun, -ve) fussing (verb/noun) + worry / dread",PDF,,,,
WORRY / DREAD,misgiving,,uneasiness about the fitness of an action,XLSX,,,,
WORRY / DREAD,suspense,,apprehension about what is going to happen,XLSX,,,,
WORRY / DREAD,trepidation,,a feeling of alarm or dread,XLSX,,,,
WORRY / DREAD,unease,,physical discomfort (as mild sickness or depression),XLSX,,,,
WORRY / DREAD,worrisome,,not reassuring; tending to cause anxiety,XLSX,,,,
WORRY / DREAD,worry,,something or someone that causes anxiety; a source of unhappiness,XLSX,,,,
WORSEN,aggravate,,make worse,XLSX,,,,
WORSEN,compound,,"(verb/noun/adj, -ve) by piling on more + worsen | also: combine",BOTH,,,,
WORSEN,deteriorate,,become worse or disintegrate,XLSX,,,,
WORSEN,exacerbate,,"(verb, -ve) worsen (a bad thing) + increase",BOTH,,,,
WORSEN,fester,,"(verb, -ve) by rotting untreated + worsen",PDF,,,,
WORSEN,worsen,,grow worse,XLSX,,,,
YIELDING / FLEXIBLE,acquiesce,,"(verb, N) reluctantly agree (verb) + yielding / flexible",BOTH,,,,
YIELDING / FLEXIBLE,acquiescence,,acceptance without protest,XLSX,,,,
YIELDING / FLEXIBLE,amenable,,"(adj, +ve) cooperatively, agreeably + yielding / flexible",PDF,,,,
YIELDING / FLEXIBLE,cave,,a geological formation consisting of an underground enclosure with access from the surface of the ground or from the sea,XLSX,,,,
YIELDING / FLEXIBLE,compliant,,disposed or willing to comply,XLSX,,,,
YIELDING / FLEXIBLE,comply,,"(verb, N) simply obey (verb) + yielding / flexible",PDF,,,,
YIELDING / FLEXIBLE,pliant,,"(adj, N) bending easily + yielding / flexible",PDF,,,,
YIELDING / FLEXIBLE,pushover,,someone who is easily taken advantage of,XLSX,,,,
YIELDING / FLEXIBLE,supple,,"(adj, +ve) gracefully + yielding / flexible",PDF,,,,
YIELDING / FLEXIBLE,tractable,,"(adj, N) easily managed + yielding / flexible",BOTH,,,,
YIELDING / FLEXIBLE,yield,,"(verb/noun, N) give in, surrender | produce (crops, results)",BOTH,,,,


Word,Meaning,Meaning,Meaning,Meaning
abet,"(verb, -ve) assist in wrongdoing",BOTH,,
abeyance,"(noun, N) temporary suspension (held in abeyance)",PDF,,
abide,"(verb, N) tolerate | remain, endure",PDF,,
abreast,"(adv, N) up-to-date (keep abreast) | side-by-side",PDF,,
abscond,"(verb, -ve) flee secretly (often with money)",PDF,,
absence,the state of being absent,XLSX,,
abstain,"(verb, N) deliberately refrain, hold back",PDF,,
absurd,a situation in which life seems irrational and meaningless; --Albert Camus,XLSX,,
abuse,cruel or inhumane treatment,XLSX,,
accept,consider or hold as true,XLSX,,
accessible,"(adj, +ve) easily reachable, approachable",PDF,,
accommodate,be agreeable or acceptable to,XLSX,,
accord,"(noun/verb, N) agreement, harmony | grant, give",PDF,,
acquaintance,personal knowledge or information about someone or something,XLSX,,
acquisition,the act of contracting or assuming or acquiring possession of something,XLSX,,
adduce,advance evidence for,XLSX,,
adventitious,associated by chance and not an integral part; - Frederick W. Robertson,XLSX,,
aesthetic,"(adj/noun, N) beauty-related | a sense of beauty",PDF,,
affect,the conscious subjective aspect of feeling or emotion,GREG_MAT,,
affirmative,a reply of affirmation,XLSX,,
affluent,"(adj, +ve) wealthy, rich",PDF,,
amalgamation,the combination of two or more commercial companies,GREG_MAT,,
amoral,(GRE vocabulary term),XLSX,,
amuse,"occupy in an agreeable, entertaining or pleasant fashion",XLSX,,
analogy,an inference that if things agree in some respects they probably agree in others,GREG_MAT,,
anathematic,(GRE vocabulary term),XLSX,,
ante,(poker) the initial contribution that each player makes to the pot,XLSX,,
anthropogenic,of or relating to the study of the origins and development of human beings,XLSX,,
antiquarian,an expert or collector of antiquities,XLSX,,
approbate,approve or sanction officially,GREG_MAT,,
appropriate,"(adj/verb, N) suitable, fitting | seize for oneself (-ve as verb)",PDF,,
archive,a depository containing historical records and documents,XLSX,,
arousal,the act of arousing,XLSX,,
artifact,a man-made object taken as a whole,XLSX,,
assertive,"(adj, +ve) confidently forceful",PDF,,
assort,keep company with; hang out with,XLSX,,
audacity,fearless daring,GREG_MAT,,
auxiliary,"(adj/noun, N) supplementary, backup",PDF,,
averse,(usually followed by `to') strongly opposed,GREG_MAT,,
awry,turned or twisted toward one side; - G.K.Chesterton,XLSX,,
backhand,a return made with the back of the hand facing the direction of the stroke,XLSX,,
barrage,"(noun, -ve) an overwhelming bombardment (of criticism, questions)",PDF,,
bedrock,solid unweathered rock lying beneath surface deposits of soil,XLSX,,
beholden,"(adj, -ve) uncomfortably indebted, obligated",PDF,,
bereave,deprive through death,GREG_MAT,,
blighted,"(adj, -ve) ruined, spoiled by decay",PDF,,
blithely,in a joyous manner,XLSX,,
bombshell,an entertainer who has a sensational effect,XLSX,,
bore,a person who evokes boredom,XLSX,,
bound,a line determining the limits of an area,XLSX,,
boundary,the line or plane indicating the limit or extent of something,XLSX,,
brackish,distasteful and unpleasant; spoiled by mixture,XLSX,,
bravado,"(noun, -ve) false, showy boldness",PDF,,
breakthrough,a productive insight,XLSX,,
broad,slang term for a woman,XLSX,,
buoy,bright-colored; a float attached by rope to the seabed to mark channels in a harbor or underwater hazards,XLSX,,
bureaucracy,nonelective government officials,XLSX,,
bureaucratic,of or relating to or resembling a bureaucrat or bureaucracy,XLSX,,
burnish,"(verb, +ve) polish to a shine; enhance (a reputation)",PDF,,
buyer,a person who buys,XLSX,,
catalog,a book or pamphlet containing an enumeration of things,XLSX,,
cathartic,"(adj, +ve) emotionally purging, cleansing",PDF,,
censor,"(verb/noun, -ve) suppress or ban (content)",PDF,,
ceremonial,a formal event performed on a special occasion,XLSX,,
cessation,a stopping,GREG_MAT,,
charismatic,possessing an extraordinary ability to attract,XLSX,,
chauvinism,fanatical patriotism,GREG_MAT,,
cherish,"(verb, +ve) treasure, hold dear",PDF,,
chivalry,courtesy towards women,GREG_MAT,,
cinch,any undertaking that is easy to do,XLSX,,
circumstantial,"(adj, N) indirect, inferred (evidence)",BOTH,,
circustantial,(GRE vocabulary term),XLSX,,
claustrophobic,uncomfortably closed or hemmed in,XLSX,,
clement,(of weather or climate) physically mild,XLSX,,
clot,a lump of material formed from the content of a liquid,XLSX,,
cloying,"(adj, -ve) excessively + sickly-sweet",PDF,,
coddle,"(verb, -ve) overprotectively pamper",BOTH,,
coincidental,occurring or operating at the same time,XLSX,,
collaborate,"(verb, +ve) work together productively",PDF,,
collaboration,act of working jointly,GREG_MAT,,
commence,"(verb, N) begin, start",PDF,,
compact,a small cosmetics case with a mirror; to be carried in a woman's purse,XLSX,,
compensate,adjust for,XLSX,,
competence,the quality of being adequately or well qualified physically and intellectually,GREG_MAT,,
complement,a word or phrase used to complete a grammatical construction,GREG_MAT,,
complementary,"(adj, +ve) mutually completing each other",PDF,,
compliance,acting according to certain accepted standards,GREG_MAT,,
compose,form the substance of,XLSX,,
comprise,be composed of,XLSX,,
compromise,"(noun/verb, N) mutual concession | weaken, endanger (-ve as verb)",PDF,,
compunction,a feeling of deep regret (usually for some misdeed),XLSX,,
concession,a contract granting the right to operate a subsidiary business,XLSX,,
conclusive,"(adj, +ve) decisively settling the question",PDF,,
concomitant,an event or situation that happens at the same time as or in connection with another,XLSX,,
condign,fitting or appropriate and deserved; used especially of punishment,XLSX,,
condone,"(verb, -ve) overlook or tacitly accept (wrongdoing)",BOTH,,
connoisseur,"(noun, +ve) an expert judge of quality",PDF,,
consensus,"(noun, +ve) general agreement",BOTH,,
consent,permission to do something,GREG_MAT,,
consequential,having important issues or results,XLSX,,
consequently,(sentence connectors) because of the reason given,XLSX,,
conservatism,a political or theological orientation advocating the preservation of the best in society and opposing radical changes,XLSX,,
consort,the husband or wife of a reigning monarch,XLSX,,
constitute,form or compose,XLSX,,
contagious,easily diffused or spread as from one person to another,XLSX,,
contemporary,"(adj/noun, N) current, modern | of the same era",BOTH,,
contest,an occasion on which a winner is selected from among two or more contestants,XLSX,,
contract,a binding agreement between two or more persons that is enforceable by law,XLSX,,
contrite,"(adj, +ve) genuinely remorseful, penitent",PDF,,
contrition,sorrow for sin arising from fear of damnation,GREG_MAT,,
convenient,suited to your comfort or purpose or needs,XLSX,,
convention,a large formal assembly,GREG_MAT,,
convey,"make known; pass on, of information",XLSX,,
convolute,"curl, wind, or twist together",XLSX,,
convolution,the shape of something rotating rapidly,XLSX,,
correlate,"(verb/noun, N) relate, connect statistically",PDF,,
countenance,"(noun/verb, N) the face | tolerate, approve of",BOTH,,
counter,table consisting of a horizontal surface over which business is transacted,XLSX,,
counterbalance,a weight that balances another weight,XLSX,,
counterpart,a person or thing having the same function or characteristics as another,XLSX,,
counterweight,a weight that balances another weight,XLSX,,
coy,"(adj, -ve) evasively, teasingly shy",PDF,,
crescendo,"(noun/verb, N) a building climax",PDF,,
criminality,the state of being a criminal,XLSX,,
culmination,a final climactic stage,XLSX,,
curmudgeon,"(noun, -ve) a grouchy, ill-tempered person",PDF,,
cut,a share of the profits,XLSX,,
daunt,cause to lose courage,XLSX,,
degrade,"reduce the level of land, as by erosion",XLSX,,
delightful,greatly pleasing or entertaining,XLSX,,
demonstrable,necessarily or demonstrably true,XLSX,,
deviation,a variation that deviates from the standard or norm,XLSX,,
devotion,feelings of ardent love,XLSX,,
dictate,"(verb/noun, -ve) command, impose | a command (noun)",PDF,,
dilettante,"(noun, -ve) a shallow dabbler, amateur",PDF,,
disabuse,free somebody (from an erroneous belief),XLSX,,
discipline,a branch of knowledge,XLSX,,
discomfit,"(verb, -ve) embarrass, unsettle",PDF,,
disconcerting,"(adj, -ve) unsettlingly disturbing",PDF,,
discount,"(verb/noun, N) disregard, dismiss as unimportant",PDF,,
discretion,freedom to act or judge on one's own,GREG_MAT,,
discretionary,having or using the ability to act or decide according to your own discretion or judgment,XLSX,,
discursive,proceeding to a conclusion by reason or argument rather than intuition,XLSX,,
disentangle,"(verb, +ve) unravel, free from complication",PDF,,
disincline,make unwilling,XLSX,,
disjunction,state of being disconnected,XLSX,,
disparateness,utter dissimilarity,XLSX,,
dispassionately,in an impartially dispassionate manner,XLSX,,
displease,give displeasure to,XLSX,,
dispose,"give, sell, or transfer to another",XLSX,,
disproportionate,out of proportion,XLSX,,
disquisition,an elaborate analytical or explanatory essay or discussion,XLSX,,
distill,"(verb, +ve) extract the essence of",PDF,,
distillation,the process of purifying a liquid by boiling it and condensing its vapors,XLSX,,
diverge,move or draw apart,GREG_MAT,,
divest,take away possessions from someone,XLSX,,
divination,successful conjecture by unusual insight or good luck,XLSX,,
domestic,a servant who is paid to perform menial tasks around the household,XLSX,,
drier,"a substance that promotes drying (e.g., calcium oxide absorbs water and is used to remove moisture)",XLSX,,
dutiable,subject to import tax,XLSX,,
ecological,characterized by the interdependence of living organisms in an environment,XLSX,,
economic,"of or relating to an economy, the system of production and management of material wealth",XLSX,,
economical,using the minimum of time or resources necessary for effectiveness,XLSX,,
economy,"(noun, N) thrift, efficiency | the financial system",PDF,,
edification,uplifting enlightenment,GREG_MAT,,
egalitarian,"(adj, +ve) favoring equality for all",BOTH,,
elemental,relating to or being an element,XLSX,,
embody,represent in bodily form,XLSX,,
embrace,the act of clasping another person in the arms (as in greeting or affection),XLSX,,
empirical,"(adj, +ve) based on observation and experiment",BOTH,,
empiricism,(philosophy) the doctrine that knowledge derives from experience,GREG_MAT,,
empower,give or delegate power or authority to,XLSX,,
emulsify,cause to become an emulsion; make into an emulsion,XLSX,,
enormity,the quality of being outrageous,XLSX,,
ensue,"(verb, N) follow as a result",PDF,,
entail,land received by fee tail,XLSX,,
entanglement,an intricate trap that entangles or ensnares its victim,XLSX,,
enterprising,"marked by imagination, initiative, and readiness to undertake new projects",XLSX,,
entitled,"(adj, -ve) expecting privilege as one's due",PDF,,
enviable,causing envy,XLSX,,
episode,a happening that is distinctive in a series of related events,XLSX,,
ethical,of or relating to the philosophical study of ethics,XLSX,,
euphemism,"(noun, N) a mild substitute for a harsh term",BOTH,,
evocatively,(GRE vocabulary term),XLSX,,
evolve,work out,XLSX,,
exact,claim as due or just,XLSX,,
excite,arouse or elicit a feeling,XLSX,,
exhaust,gases ejected from an engine as waste products,GREG_MAT,,
exorcise,"(verb, N) drive out (a spirit, a bad memory)",PDF,,
exorcism,freeing from evil spirits,GREG_MAT,,
experimental,relating to or based on experiment,XLSX,,
expiation,compensation for a wrong,XLSX,,
exploit,a notable achievement,GREG_MAT,,
exploiter,a person who uses something or someone selfishly or unethically,XLSX,,
extenuating,"(adj, +ve) mitigating, partially excusing (circumstances)",PDF,,
extraction,the process of obtaining something from a mixture or compound by chemical or physical or mechanical means,XLSX,,
extremist,a person who holds extreme views,XLSX,,
exude,release (a liquid) in drops or small quantities,XLSX,,
facet,a distinct feature or element in a problem,XLSX,,
facility,"(noun, +ve) effortless ease, skill | a building",BOTH,,
fallibility,the likelihood of making errors,GREG_MAT,,
fallible,"(adj, N) capable of error, imperfect",PDF,,
falter,"(verb, -ve) waver, stumble, lose momentum",PDF,,
fasten,cause to be firmly attached,XLSX,,
faultlessness,the quality of being without an error or fault,XLSX,,
favor,an act of gracious kindness,XLSX,,
feasibility,the quality of being doable,GREG_MAT,,
feat,a notable achievement,XLSX,,
feint,"(noun/verb, -ve) a deceptive move to mislead",PDF,,
first-handed,(GRE vocabulary term),XLSX,,
fixation,an abnormal state in which development has stopped prematurely,XLSX,,
fleet,group of aircraft operating together under the same ownership,XLSX,,
flippancy,inappropriate levity,XLSX,,
flippant,showing inappropriate levity,XLSX,,
flush,the period of greatest prosperity or productivity,XLSX,,
formal,a lavish dance requiring formal attire,XLSX,,
formality,a requirement of etiquette or custom,XLSX,,
formulaic,characterized by or in accordance with some formula,XLSX,,
fortitude,"(noun, +ve) enduring + courage",PDF,,
frail,the weight of a frail (basket) full of raisins or figs; between 50 and 75 pounds,GREG_MAT,,
free,people who are free,XLSX,,
free-for-all,a noisy fight in a crowd,XLSX,,
fresh,"recently made, produced, or harvested",XLSX,,
fringe,"(noun/adj, N) the edge, margin (fringe views = -ve)",PDF,,
frown,a facial expression of dislike or displeasure,XLSX,,
fuel,a substance that can be consumed to produce energy,XLSX,,
fulcrum,"(noun, N) the pivot point everything turns on",PDF,,
function,(mathematics) a mathematical relation such that each element of a given set (the domain of the function) is associated with an element of another set (the range of the function),XLSX,,
functionally,with respect to function,XLSX,,
gadfly,a persistently annoying person,XLSX,,
generic,a wine that is a blend of several varieties of grapes with no one grape predominating; a wine that does not carry the name of any specific grape,XLSX,,
glib,"(adj, -ve) slickly fluent but shallow",BOTH,,
glory,a state of high honor,XLSX,,
gradual,(Roman Catholic Church) an antiphon (usually from the Book of Psalms) immediately after the epistle at Mass,XLSX,,
gratitude,a feeling of thankfulness and appreciation,XLSX,,
grimy,thickly covered with ingrained dirt or soot,XLSX,,
groundless,without a basis in reason or fact,XLSX,,
habitable,fit for habitation,XLSX,,
halcyon,(Greek mythology) a woman who was turned into a kingfisher,XLSX,,
handiwork,a work produced by hand labor,XLSX,,
harrowing,"(adj, -ve) acutely distressing, traumatic",PDF,,
heterogeneously,(GRE vocabulary term),XLSX,,
hew,make or shape as with an axe,XLSX,,
hind,any of several mostly spotted fishes that resemble groupers,XLSX,,
historicism,a theory that social and cultural events are determined by history,XLSX,,
histrionic,"(adj, -ve) melodramatically theatrical",BOTH,,
histrionics,a performance of a play,GREG_MAT,,
hodgepodge,"(noun, -ve) a jumbled, messy mixture",BOTH,,
hone,a whetstone made of fine gritstone; used for sharpening razors,XLSX,,
hybrid,"a word that is composed of parts from different languages (e.g., `monolingual' has a Greek prefix and a Latin root)",XLSX,,
iconoclasm,the orientation of an iconoclast,GREG_MAT,,
imago,(psychoanalysis) an idealized image of someone (usually a parent) formed in childhood,XLSX,,
immediacy,lack of an intervening or mediating agency,XLSX,,
immerse,thrust or throw into,XLSX,,
imminent,"(adj, N) about to happen, impending",PDF,,
impervious,"(adj, N) impermeable | unaffected by (criticism)",PDF,,
implementation,the act of accomplishing some aim or executing some order,XLSX,,
implicate,bring into intimate and incriminating connection,XLSX,,
impracticable,not capable of being carried out or put into practice,XLSX,,
impregnable,immune to attack; incapable of being tampered with,XLSX,,
inalienable,"(adj, +ve) unremovable, absolute (rights)",PDF,,
inclusiveness,(GRE vocabulary term),XLSX,,
incommensurate,not corresponding in size or degree or extent,XLSX,,
incontrovertible,"(adj, +ve) indisputably undeniable",PDF,,
incredible,beyond belief or understanding,XLSX,,
index,a numerical scale used to compare variables with one another or with some reference number,XLSX,,
indication,something that serves to indicate or suggest,XLSX,,
indirect,having intervening factors or persons or influences,XLSX,,
indiscreet,lacking discretion; injudicious,XLSX,,
indiscretion,the trait of being injudicious,XLSX,,
inductive,arising from inductance,XLSX,,
indulgence,an inability to resist the gratification of whims and desires,XLSX,,
ineluctable,"(adj, N) inescapably inevitable",PDF,,
inexpressible,defying expression,XLSX,,
infectious,caused by infection or capable of causing infection,XLSX,,
infelicity,"(noun, -ve) an awkward, inapt expression",PDF,,
inhabit,inhabit or live in; be an inhabitant of,XLSX,,
inhibition,(psychology) the conscious exclusion of unacceptable thoughts or desires,GREG_MAT,,
innocuously,(GRE vocabulary term),XLSX,,
inquisitive,"(adj, N) curious (can shade into prying)",PDF,,
insidious,"(adj, -ve) stealthily, gradually harmful",PDF,,
insurmountable,not capable of being surmounted or overcome,XLSX,,
intangible,assets that are saleable though not material or physical,XLSX,,
interchangeably,in an interchangeable manner,XLSX,,
interdisciplinary,drawing from or characterized by participation of two or more fields of study,XLSX,,
interest,a sense of concern with and curiosity about someone or something,XLSX,,
intoxication,the physiological state produced by a poison or other toxic substance,XLSX,,
intrasigence,,GREG_MAT,,
inundate,"(verb, -ve) flood, overwhelm",PDF,,
inversion,the layer of air near the earth is cooler than an overlying layer,XLSX,,
invisible,impossible or nearly impossible to see; imperceptible by the eye,XLSX,,
involuntary,not subject to the control of the will; ; ; ; - John F.Kennedy,XLSX,,
irenic,conducive to peace,XLSX,,
irrational,a real number that cannot be expressed as a rational number,XLSX,,
jar,a vessel (usually cylindrical) with a wide mouth and without handles,XLSX,,
jockey,someone employed to ride horses in horse races,XLSX,,
kill,the act of terminating a life,XLSX,,
laboratory,a workplace for the conduct of scientific research,XLSX,,
latitude,"(noun, +ve) freedom of action, leeway",PDF,,
legacy,(law) a gift of personal property by will,XLSX,,
legislation,law enacted by a legislative body,XLSX,,
legitimate,make legal,XLSX,,
liberalization,the act of making less strict,XLSX,,
liberation,the act of liberating someone or something,XLSX,,
liberator,someone who releases people from captivity or bondage,XLSX,,
libertine,"(noun/adj, -ve) a morally unrestrained pleasure-seeker",PDF,,
link,the means of connection between things linked in series,XLSX,,
lionization,,GREG_MAT,,
list,a database containing an ordered array of items (names or topics),XLSX,,
literal,a mistake in printed matter resulting from mechanical failures of some kind,XLSX,,
loathe,"(verb, -ve) detest, hate intensely",PDF,,
loathesome,,GREG_MAT,,
localize,identify the location or place of,XLSX,,
longer-term,(GRE vocabulary term),XLSX,,
lucubration,a solemn literary work that is the product of laborious cogitation,XLSX,,
macabre,"(adj, -ve) gruesomely death-focused",PDF,,
madcap,a reckless impetuous irresponsible person,XLSX,,
magnitude,the property of relative size or extent (whether large or small),XLSX,,
malefactor,someone who has committed a crime or has been legally convicted of a crime,XLSX,,
malevolence,wishing evil to others,GREG_MAT,,
malinger,"avoid responsibilities and duties, e.g., by pretending to be ill",XLSX,,
malodorous,having an unpleasant smell,XLSX,,
manage,be successful; achieve a goal,XLSX,,
mark,a number or letter indicating quality (especially of a student's performance),XLSX,,
marker,some conspicuous object used to distinguish or mark something,XLSX,,
mass,the property of a body that causes it to have weight in a gravitational field,XLSX,,
master,an artist of consummate skill,XLSX,,
mastery,great skillfulness and knowledge of some subject or activity,XLSX,,
merit,any admirable quality or attribute,GREG_MAT,,
ministration,assistance in time of difficulty,XLSX,,
misanthropic,"(adj, -ve) hating humankind",PDF,,
miscreant,"(noun, -ve) a villain, wrongdoer",PDF,,
mishandle,"make a mess of, destroy or ruin",XLSX,,
misnomer,"(noun, N) a wrong or misleading name",BOTH,,
mold,the distinctive form in which a thing is made,XLSX,,
momentous,of very great significance,XLSX,,
moreover,in addition,XLSX,,
muckrake,explore and expose misconduct and scandals concerning public figures,XLSX,,
nadir,"(noun, -ve) the rock-bottom + lowest point",PDF,,
neophyte,"(noun, N) a beginner, novice",BOTH,,
nobility,a privileged class holding hereditary titles,GREG_MAT,,
nonnegotiable,(GRE vocabulary term),XLSX,,
novice,someone who has entered a religious order but has not taken final vows,XLSX,,
objectionable,causing disapproval or protest,XLSX,,
obsess,haunt like a ghost; pursue,XLSX,,
occlusion,closure or blockage (as of a blood vessel),GREG_MAT,,
officious,"(adj, -ve) meddlesomely + bossy / commanding",BOTH,,
old-timer,an experienced person who has been through many battles; someone who has given long service,XLSX,,
omniscient,"(adj, +ve) all-knowing",BOTH,,
ongoing,currently happening,XLSX,,
opportunistic,"(adj, -ve) exploiting chances without principle",PDF,,
orbit,the (usually elliptical) path described by one celestial body in its revolution about another,XLSX,,
orientation,the act of orienting,XLSX,,
ossify,"(verb, -ve) harden into rigidity, stop evolving",PDF,,
over-farmed,(GRE vocabulary term),XLSX,,
overbear,overcome,XLSX,,
painful,causing physical or psychological pain,XLSX,,
panache,"(noun, +ve) dashing flair and style",BOTH,,
panoply,a complete and impressive array,XLSX,,
paradoxical,"(adj, N) self-contradictory yet possibly true",BOTH,,
paralyze,make powerless and unable to function,XLSX,,
passable,"(adj, N) just adequate | traversable",PDF,,
patchwork,a theory or argument made up of miscellaneous or incongruous ideas,XLSX,,
patience,good-natured tolerance of delay or incompetence,XLSX,,
patriotism,love of country and willingness to sacrifice for it,XLSX,,
patron,a regular customer,XLSX,,
pecuniary,relating to or involving money,XLSX,,
pedestrain,(GRE vocabulary term),XLSX,,
penalty,the act of punishing,XLSX,,
penance,remorse for your past conduct,XLSX,,
penury,extreme poverty,GREG_MAT,,
perceive,to become aware of through the senses,XLSX,,
perception,the representation of what is perceived; basic component in the formation of a concept,XLSX,,
perpetrate,"(verb, -ve) commit (a crime, a hoax)",PDF,,
perpetrator,someone who perpetrates wrongdoing,GREG_MAT,,
pertain,be relevant to,XLSX,,
pessimism,the feeling that things will turn out badly,XLSX,,
petrify,cause to become stonelike or stiff or dazed and stunned,XLSX,,
philistine,"(noun, -ve) an uncultured person hostile to art",BOTH,,
piety,righteousness by virtue of being pious,GREG_MAT,,
pious,"(adj, N) devoutly religious (can imply show) + devout / spiritual",PDF,,
piquant,"(adj, +ve) pleasantly sharp, stimulating",PDF,,
plod,the act of walking with a slow heavy gait,XLSX,,
point,a geometric element that has position but no extension,XLSX,,
possess,"have as an attribute, knowledge, or skill",XLSX,,
potent,"(adj, +ve) powerfully + strong",PDF,,
precipitous,"(adj, -ve) dangerously steep | rashly hasty",PDF,,
precocious,"(adj, +ve) advanced beyond one's years",PDF,,
precociousness,intelligence achieved far ahead of normal developmental schedules,XLSX,,
precocity,intelligence achieved far ahead of normal developmental schedules,XLSX,,
preface,a short introductory essay preceding the text of a book,XLSX,,
premature,born after a gestation period of less than the normal time,XLSX,,
premeditate,"(verb, -ve) plan (usu. a crime) beforehand",PDF,,
premeditation,planning or plotting in advance of acting,GREG_MAT,,
prescribe,"(verb, N) authoritatively recommend, dictate",PDF,,
preside,act as president,XLSX,,
preternatural,surpassing the ordinary or normal;  - George Will,XLSX,,
prime,"(adj/noun/verb, N) chief, first-rate | prepare, ready",PDF,,
primitive,a person who belongs to an early stage of civilization,XLSX,,
prioritize,assign a priority to,XLSX,,
private,an enlisted man of the lowest rank in the Army or Marines,XLSX,,
privation,a state of extreme poverty,XLSX,,
prodigy,an unusually gifted or intelligent (young) person; someone whose talents excite wonder and admiration,XLSX,,
profession,the body of people in a learned occupation,XLSX,,
progressive,a tense of verbs used in describing action that is on-going,XLSX,,
proprietary,an unincorporated business owned by a single person who is responsible for its liabilities and entitled to its profits,XLSX,,
provide,give something useful or necessary to,XLSX,,
providence,the capital and largest city of Rhode Island; located in northeastern Rhode Island on Narragansett Bay; site of Brown University,GREG_MAT,,
prowess,"(noun, +ve) exceptional skill, expertise",PDF,,
publicity,a message issued in behalf of some product or cause or idea or person or institution,XLSX,,
puncture,loss of air pressure in a tire when a hole is made by some sharp object,XLSX,,
purport,the intended meaning of a communication,XLSX,,
purveyor,someone who supplies provisions (especially food),XLSX,,
qualitative,involving distinctions based on qualities,XLSX,,
qualm,"(noun, -ve) an uneasy misgiving, doubt",PDF,,
quantify,use as a quantifier,XLSX,,
quickly,with rapid movements,XLSX,,
rally,a large gathering of people intended to arouse enthusiasm,XLSX,,
rarefy,lessen the density or solidity of,XLSX,,
rarity,noteworthy scarcity,XLSX,,
rationale,(law) an explanation of the fundamental reasons (especially an explanation of the working of some device in terms of laws of nature),XLSX,,
rationalization,the cognitive process of making something seem consistent with or based on reason,XLSX,,
rationalize,"defend, explain, clear away, or make excuses for by reasoning",XLSX,,
reactionary,an extreme conservative; an opponent of progress or liberalism,XLSX,,
readily,without much difficulty,XLSX,,
realism,the attribute of accepting the facts of life and favoring practicality and literal truth,XLSX,,
reappropriation,(GRE vocabulary term),XLSX,,
recipe,directions for making something,XLSX,,
recognizability,(GRE vocabulary term),XLSX,,
reconciliation,the reestablishing of cordial relations,GREG_MAT,,
recourse,"(noun, N) a fallback, last resort",PDF,,
recrudescent,"(adj, -ve) (of something bad) breaking out again",PDF,,
redouble,"double in magnitude, extent, or intensity",XLSX,,
refresh,refresh one's memory,XLSX,,
regress,"(verb, -ve) revert, slide backward",PDF,,
reinterpret,interpret from a different viewpoint,XLSX,,
relatively,in a relative manner; by comparison to something else,XLSX,,
relic,an antiquity that has survived from the distant past,XLSX,,
relish,"(verb/noun, +ve) enjoy keenly, savor",BOTH,,
reluctant,unwillingness to do something contrary to your custom,XLSX,,
remote,"(adj, N) distant, isolated | slight (a remote chance)",PDF,,
remuneration,"(noun, N) payment, compensation",PDF,,
remunerative,for which money is paid,GREG_MAT,,
render,"(verb, N) make, cause to be | provide, give",BOTH,,
renunciation,rejecting or disowning or disclaiming as invalid,GREG_MAT,,
reparation,compensation (given or received) for an insult or injury,XLSX,,
repertoire,"(noun, +ve) one's collection of skills/pieces",PDF,,
replenish,"(verb, +ve) refill, restock",PDF,,
replicable,(GRE vocabulary term),XLSX,,
reprobate,"(noun/adj, -ve) a shamelessly depraved person",PDF,,
resent,"(verb, -ve) feel bitter indignation at",PDF,,
residual,"(adj/noun, N) leftover, remaining",PDF,,
resistant,relating to or conferring immunity (to disease or infection),XLSX,,
resonate,sound with resonance,XLSX,,
respire(respiration),"breathe easily again, as after exertion or anxiety",XLSX,,
restive,"(adj, -ve) restlessly impatient + agitated / stormy",BOTH,,
restrictive,serving to restrict,XLSX,,
retaliate,"(verb, -ve) strike back, avenge",BOTH,,
retiring,"(adj, N) shy, self-effacingly reserved",PDF,,
retribution,a justly deserved penalty,XLSX,,
retroactively,after the fact (changing previous decision),XLSX,,
reward,a recompense for worthy acts or retribution for wrongdoing,XLSX,,
rhapsody,"(noun, +ve) an ecstatic outpouring",PDF,,
ritualize,make or evolve into a ritual,XLSX,,
romance,a relationship between two lovers,XLSX,,
rote,memorization by repetition,XLSX,,
routinely,according to routine or established practice,XLSX,,
rudimentary,"(adj, N) undevelopedly (bare beginnings) + basic",BOTH,,
scintillating,"(adj, +ve) brilliantly sparkling (wit, performance)",PDF,,
seasonal,a worker who finds employment only in certain seasons,XLSX,,
secondhand,derived from what is primary or original; not firsthand,XLSX,,
sectarian,a member of a sect,XLSX,,
securely,in a secure manner; in a manner free from danger,XLSX,,
seek,the movement of a read/write head to a specific data track on a disk,XLSX,,
seminal,pertaining to or containing or consisting of semen,XLSX,,
sensuous,taking delight in beauty,XLSX,,
serve,(sports) a stroke that puts the ball in play,XLSX,,
sharp,a musical notation indicating one half step higher than the note named,XLSX,,
significance,the quality of being significant,XLSX,,
significant,important in effect or meaning,XLSX,,
simple,any herbaceous plant having medicinal properties,XLSX,,
simultaneous,occurring or operating at the same time,XLSX,,
simultaneously,at the same instant,XLSX,,
sinecure,"(noun, N) an easy, well-paid job with little work",PDF,,
sketchy,giving only major points; lacking completeness,XLSX,,
sleazy,of cloth; thin and loosely woven,XLSX,,
slogan,a favorite saying of a sect or political group,XLSX,,
softly,with low volume,XLSX,,
solidarity,a union of interests or purposes or sympathies among members of a group,XLSX,,
solidify,make solid or more solid; cause to solidify,XLSX,,
soliloquy,"(noun, N) a solo speech to oneself (drama)",PDF,,
sophisticate,a worldly-wise person,XLSX,,
source,"the place where something begins, where it springs into being",XLSX,,
spark,a momentary flash of light,XLSX,,
square,(geometry) a plane rectangle with four equal sides and four right angles; a four-sided regular polygon,XLSX,,
stagger,an unsteady uneven gait,XLSX,,
stalemate,a situation in which no progress can be made or no advancement is possible,XLSX,,
stanch,"(verb, N) stop the flow of (blood, losses)",PDF,,
stigmatize,"(verb, -ve) brand with shame",PDF,,
stint,an unbroken period of time during which you do something,GREG_MAT,,
strain,(physics) deformation of a physical body under the action of applied forces,XLSX,,
strange,being definitely out of the ordinary and unexpected; slightly odd or even a bit weird,XLSX,,
strike,a group's refusal to work in protest against low pay or bad work conditions,XLSX,,
strip,a relatively long narrow piece of something,XLSX,,
struck,"deliver a sharp blow, as with the hand, fist, or weapon",XLSX,,
style,how something is done or how it happens,XLSX,,
subsidize,support through subsidies,XLSX,,
subsume,"(verb, N) absorb into a larger category",PDF,,
success,an event that accomplishes its intended purpose,XLSX,,
successor,a person who follows next in order,XLSX,,
suggest,"make a proposal, declare a plan for something",XLSX,,
suit,a set of garments (usually including a jacket and trousers or skirt) for outerwear all of the same fabric and color,XLSX,,
superannuation,a monthly payment made to someone who is retired from work,XLSX,,
superlative,an exaggerated expression (usually of praise),XLSX,,
sustainability,the property of being sustainable,XLSX,,
sustainable,capable of being sustained,XLSX,,
sweep,a wide scope,XLSX,,
swift,United States meat-packer who began the use of refrigerated railroad cars (1839-1903),XLSX,,
tantalize,harass with persistent criticism or carping,XLSX,,
tantalizing,"(adj, +ve) temptingly just out of reach",PDF,,
tarnish,"(verb/noun, -ve) stain, discolor (a reputation)",PDF,,
technological,based in scientific and industrial progress,XLSX,,
temporal,"(adj, N) worldly, time-bound (vs. spiritual)",PDF,,
tenable,"(adj, +ve) defensibly justifiable",PDF,,
tragic,very sad; especially involving grief or death or destruction,XLSX,,
transcendent,exceeding or surpassing usual limits especially in excellence,XLSX,,
treatise,"(noun, N) a formal scholarly work",PDF,,
turgid,"(adj, -ve) swollen | pompously overblown (prose)",PDF,,
tweak,a squeeze with the fingers,XLSX,,
tyro,someone new to a field or activity,XLSX,,
unconceivable,(GRE vocabulary term),XLSX,,
undiminished,not lessened or diminished,XLSX,,
unencumbered,free of encumbrance,XLSX,,
unfeasible,not capable of being carried out or put into practice,XLSX,,
unimpeded,not slowed or prevented,XLSX,,
universality,the quality of being universal; existing everywhere,XLSX,,
unkempt,not neatly combed,XLSX,,
unknown,an unknown and unexplored region,XLSX,,
unparalleled,radically distinctive and without equal,XLSX,,
unprecedented,"(adj, N) never seen before",BOTH,,
unprepossessing,creating an unfavorable or neutral first impression,XLSX,,
unqualified,not limited or restricted,XLSX,,
unravel,"(verb, N) undo, fall apart | solve",PDF,,
unsustainable,protect; safeguard,XLSX,,
unsympathetic,not sympathetic or disposed toward,XLSX,,
untethered,not confined or restricted with a tether,XLSX,,
upend,become turned or set on end,XLSX,,
urban,relating to or concerned with a city or densely populated area,XLSX,,
utility,a company that performs a public service; subject to government regulation,XLSX,,
utopia,a book written by Sir Thomas More (1516) describing the perfect society on an imaginary island,XLSX,,
utter,"articulate; either verbally or with a cry, shout, or noise",GREG_MAT,,
utterly,"(adv, N) completely, absolutely",PDF,,
vary,"become different in some particular way, without permanently losing one's or its former characteristics or essence",XLSX,,
vendor,someone who promotes or exchanges goods or services for money,XLSX,,
venture,any venturesome undertaking especially one with an uncertain outcome,XLSX,,
versatality,,GREG_MAT,,
vestige,an indication that something has been present,XLSX,,
violent,acting with or marked by or resulting from great force or energy or emotional intensity,XLSX,,
virtue,the quality of doing what is right and avoiding what is wrong,XLSX,,
vocational,of or relating to a vocation or occupation; especially providing or undergoing training in special skills,XLSX,,
voluntarily,out of your own free will,XLSX,,
warp,a twist or aberration; especially a perverse or abnormal way of judging or acting,XLSX,,
warranted,"(adj, +ve) justified, deserved",PDF,,
wherewithal,the necessary means (especially financial means),XLSX,,
willful,"(adj, -ve) defiantly + stubborn | also: deliberate",PDF,,
xenophobe,,GREG_MAT,,
